u,v,capacity,delay,p_error
0,1562,1,1,0.01
0,22,1,1,0.01
0,21,1,1,0.01
0,1,1,1,0.01
1,1563,1,1,0.01
1,23,1,1,0.01
1,0,1,1,0.01
1,2,1,1,0.01
2,1564,1,1,0.01
2,24,1,1,0.01
2,1,1,1,0.01
2,3,1,1,0.01
3,1565,1,1,0.01
3,25,1,1,0.01
3,2,1,1,0.01
3,4,1,1,0.01
4,1566,1,1,0.01
4,26,1,1,0.01
4,3,1,1,0.01
4,5,1,1,0.01
5,1567,1,1,0.01
5,27,1,1,0.01
5,4,1,1,0.01
5,6,1,1,0.01
6,1568,1,1,0.01
6,28,1,1,0.01
6,5,1,1,0.01
6,7,1,1,0.01
7,1569,1,1,0.01
7,29,1,1,0.01
7,6,1,1,0.01
7,8,1,1,0.01
8,1570,1,1,0.01
8,30,1,1,0.01
8,7,1,1,0.01
8,9,1,1,0.01
9,1571,1,1,0.01
9,31,1,1,0.01
9,8,1,1,0.01
9,10,1,1,0.01
10,1572,1,1,0.01
10,32,1,1,0.01
10,9,1,1,0.01
10,11,1,1,0.01
11,1573,1,1,0.01
11,33,1,1,0.01
11,10,1,1,0.01
11,12,1,1,0.01
12,1574,1,1,0.01
12,34,1,1,0.01
12,11,1,1,0.01
12,13,1,1,0.01
13,1575,1,1,0.01
13,35,1,1,0.01
13,12,1,1,0.01
13,14,1,1,0.01
14,1576,1,1,0.01
14,36,1,1,0.01
14,13,1,1,0.01
14,15,1,1,0.01
15,1577,1,1,0.01
15,37,1,1,0.01
15,14,1,1,0.01
15,16,1,1,0.01
16,1578,1,1,0.01
16,38,1,1,0.01
16,15,1,1,0.01
16,17,1,1,0.01
17,1579,1,1,0.01
17,39,1,1,0.01
17,16,1,1,0.01
17,18,1,1,0.01
18,1580,1,1,0.01
18,40,1,1,0.01
18,17,1,1,0.01
18,19,1,1,0.01
19,1581,1,1,0.01
19,41,1,1,0.01
19,18,1,1,0.01
19,20,1,1,0.01
20,1582,1,1,0.01
20,42,1,1,0.01
20,19,1,1,0.01
20,21,1,1,0.01
21,1583,1,1,0.01
21,43,1,1,0.01
21,20,1,1,0.01
21,0,1,1,0.01
22,0,1,1,0.01
22,44,1,1,0.01
22,43,1,1,0.01
22,23,1,1,0.01
23,1,1,1,0.01
23,45,1,1,0.01
23,22,1,1,0.01
23,24,1,1,0.01
24,2,1,1,0.01
24,46,1,1,0.01
24,23,1,1,0.01
24,25,1,1,0.01
25,3,1,1,0.01
25,47,1,1,0.01
25,24,1,1,0.01
25,26,1,1,0.01
26,4,1,1,0.01
26,48,1,1,0.01
26,25,1,1,0.01
26,27,1,1,0.01
27,5,1,1,0.01
27,49,1,1,0.01
27,26,1,1,0.01
27,28,1,1,0.01
28,6,1,1,0.01
28,50,1,1,0.01
28,27,1,1,0.01
28,29,1,1,0.01
29,7,1,1,0.01
29,51,1,1,0.01
29,28,1,1,0.01
29,30,1,1,0.01
30,8,1,1,0.01
30,52,1,1,0.01
30,29,1,1,0.01
30,31,1,1,0.01
31,9,1,1,0.01
31,53,1,1,0.01
31,30,1,1,0.01
31,32,1,1,0.01
32,10,1,1,0.01
32,54,1,1,0.01
32,31,1,1,0.01
32,33,1,1,0.01
33,11,1,1,0.01
33,55,1,1,0.01
33,32,1,1,0.01
33,34,1,1,0.01
34,12,1,1,0.01
34,56,1,1,0.01
34,33,1,1,0.01
34,35,1,1,0.01
35,13,1,1,0.01
35,57,1,1,0.01
35,34,1,1,0.01
35,36,1,1,0.01
36,14,1,1,0.01
36,58,1,1,0.01
36,35,1,1,0.01
36,37,1,1,0.01
37,15,1,1,0.01
37,59,1,1,0.01
37,36,1,1,0.01
37,38,1,1,0.01
38,16,1,1,0.01
38,60,1,1,0.01
38,37,1,1,0.01
38,39,1,1,0.01
39,17,1,1,0.01
39,61,1,1,0.01
39,38,1,1,0.01
39,40,1,1,0.01
40,18,1,1,0.01
40,62,1,1,0.01
40,39,1,1,0.01
40,41,1,1,0.01
41,19,1,1,0.01
41,63,1,1,0.01
41,40,1,1,0.01
41,42,1,1,0.01
42,20,1,1,0.01
42,64,1,1,0.01
42,41,1,1,0.01
42,43,1,1,0.01
43,21,1,1,0.01
43,65,1,1,0.01
43,42,1,1,0.01
43,22,1,1,0.01
44,22,1,1,0.01
44,66,1,1,0.01
44,65,1,1,0.01
44,45,1,1,0.01
45,23,1,1,0.01
45,67,1,1,0.01
45,44,1,1,0.01
45,46,1,1,0.01
46,24,1,1,0.01
46,68,1,1,0.01
46,45,1,1,0.01
46,47,1,1,0.01
47,25,1,1,0.01
47,69,1,1,0.01
47,46,1,1,0.01
47,48,1,1,0.01
48,26,1,1,0.01
48,70,1,1,0.01
48,47,1,1,0.01
48,49,1,1,0.01
49,27,1,1,0.01
49,71,1,1,0.01
49,48,1,1,0.01
49,50,1,1,0.01
50,28,1,1,0.01
50,72,1,1,0.01
50,49,1,1,0.01
50,51,1,1,0.01
51,29,1,1,0.01
51,73,1,1,0.01
51,50,1,1,0.01
51,52,1,1,0.01
52,30,1,1,0.01
52,74,1,1,0.01
52,51,1,1,0.01
52,53,1,1,0.01
53,31,1,1,0.01
53,75,1,1,0.01
53,52,1,1,0.01
53,54,1,1,0.01
54,32,1,1,0.01
54,76,1,1,0.01
54,53,1,1,0.01
54,55,1,1,0.01
55,33,1,1,0.01
55,77,1,1,0.01
55,54,1,1,0.01
55,56,1,1,0.01
56,34,1,1,0.01
56,78,1,1,0.01
56,55,1,1,0.01
56,57,1,1,0.01
57,35,1,1,0.01
57,79,1,1,0.01
57,56,1,1,0.01
57,58,1,1,0.01
58,36,1,1,0.01
58,80,1,1,0.01
58,57,1,1,0.01
58,59,1,1,0.01
59,37,1,1,0.01
59,81,1,1,0.01
59,58,1,1,0.01
59,60,1,1,0.01
60,38,1,1,0.01
60,82,1,1,0.01
60,59,1,1,0.01
60,61,1,1,0.01
61,39,1,1,0.01
61,83,1,1,0.01
61,60,1,1,0.01
61,62,1,1,0.01
62,40,1,1,0.01
62,84,1,1,0.01
62,61,1,1,0.01
62,63,1,1,0.01
63,41,1,1,0.01
63,85,1,1,0.01
63,62,1,1,0.01
63,64,1,1,0.01
64,42,1,1,0.01
64,86,1,1,0.01
64,63,1,1,0.01
64,65,1,1,0.01
65,43,1,1,0.01
65,87,1,1,0.01
65,64,1,1,0.01
65,44,1,1,0.01
66,44,1,1,0.01
66,88,1,1,0.01
66,87,1,1,0.01
66,67,1,1,0.01
67,45,1,1,0.01
67,89,1,1,0.01
67,66,1,1,0.01
67,68,1,1,0.01
68,46,1,1,0.01
68,90,1,1,0.01
68,67,1,1,0.01
68,69,1,1,0.01
69,47,1,1,0.01
69,91,1,1,0.01
69,68,1,1,0.01
69,70,1,1,0.01
70,48,1,1,0.01
70,92,1,1,0.01
70,69,1,1,0.01
70,71,1,1,0.01
71,49,1,1,0.01
71,93,1,1,0.01
71,70,1,1,0.01
71,72,1,1,0.01
72,50,1,1,0.01
72,94,1,1,0.01
72,71,1,1,0.01
72,73,1,1,0.01
73,51,1,1,0.01
73,95,1,1,0.01
73,72,1,1,0.01
73,74,1,1,0.01
74,52,1,1,0.01
74,96,1,1,0.01
74,73,1,1,0.01
74,75,1,1,0.01
75,53,1,1,0.01
75,97,1,1,0.01
75,74,1,1,0.01
75,76,1,1,0.01
76,54,1,1,0.01
76,98,1,1,0.01
76,75,1,1,0.01
76,77,1,1,0.01
77,55,1,1,0.01
77,99,1,1,0.01
77,76,1,1,0.01
77,78,1,1,0.01
78,56,1,1,0.01
78,100,1,1,0.01
78,77,1,1,0.01
78,79,1,1,0.01
79,57,1,1,0.01
79,101,1,1,0.01
79,78,1,1,0.01
79,80,1,1,0.01
80,58,1,1,0.01
80,102,1,1,0.01
80,79,1,1,0.01
80,81,1,1,0.01
81,59,1,1,0.01
81,103,1,1,0.01
81,80,1,1,0.01
81,82,1,1,0.01
82,60,1,1,0.01
82,104,1,1,0.01
82,81,1,1,0.01
82,83,1,1,0.01
83,61,1,1,0.01
83,105,1,1,0.01
83,82,1,1,0.01
83,84,1,1,0.01
84,62,1,1,0.01
84,106,1,1,0.01
84,83,1,1,0.01
84,85,1,1,0.01
85,63,1,1,0.01
85,107,1,1,0.01
85,84,1,1,0.01
85,86,1,1,0.01
86,64,1,1,0.01
86,108,1,1,0.01
86,85,1,1,0.01
86,87,1,1,0.01
87,65,1,1,0.01
87,109,1,1,0.01
87,86,1,1,0.01
87,66,1,1,0.01
88,66,1,1,0.01
88,110,1,1,0.01
88,109,1,1,0.01
88,89,1,1,0.01
89,67,1,1,0.01
89,111,1,1,0.01
89,88,1,1,0.01
89,90,1,1,0.01
90,68,1,1,0.01
90,112,1,1,0.01
90,89,1,1,0.01
90,91,1,1,0.01
91,69,1,1,0.01
91,113,1,1,0.01
91,90,1,1,0.01
91,92,1,1,0.01
92,70,1,1,0.01
92,114,1,1,0.01
92,91,1,1,0.01
92,93,1,1,0.01
93,71,1,1,0.01
93,115,1,1,0.01
93,92,1,1,0.01
93,94,1,1,0.01
94,72,1,1,0.01
94,116,1,1,0.01
94,93,1,1,0.01
94,95,1,1,0.01
95,73,1,1,0.01
95,117,1,1,0.01
95,94,1,1,0.01
95,96,1,1,0.01
96,74,1,1,0.01
96,118,1,1,0.01
96,95,1,1,0.01
96,97,1,1,0.01
97,75,1,1,0.01
97,119,1,1,0.01
97,96,1,1,0.01
97,98,1,1,0.01
98,76,1,1,0.01
98,120,1,1,0.01
98,97,1,1,0.01
98,99,1,1,0.01
99,77,1,1,0.01
99,121,1,1,0.01
99,98,1,1,0.01
99,100,1,1,0.01
100,78,1,1,0.01
100,122,1,1,0.01
100,99,1,1,0.01
100,101,1,1,0.01
101,79,1,1,0.01
101,123,1,1,0.01
101,100,1,1,0.01
101,102,1,1,0.01
102,80,1,1,0.01
102,124,1,1,0.01
102,101,1,1,0.01
102,103,1,1,0.01
103,81,1,1,0.01
103,125,1,1,0.01
103,102,1,1,0.01
103,104,1,1,0.01
104,82,1,1,0.01
104,126,1,1,0.01
104,103,1,1,0.01
104,105,1,1,0.01
105,83,1,1,0.01
105,127,1,1,0.01
105,104,1,1,0.01
105,106,1,1,0.01
106,84,1,1,0.01
106,128,1,1,0.01
106,105,1,1,0.01
106,107,1,1,0.01
107,85,1,1,0.01
107,129,1,1,0.01
107,106,1,1,0.01
107,108,1,1,0.01
108,86,1,1,0.01
108,130,1,1,0.01
108,107,1,1,0.01
108,109,1,1,0.01
109,87,1,1,0.01
109,131,1,1,0.01
109,108,1,1,0.01
109,88,1,1,0.01
110,88,1,1,0.01
110,132,1,1,0.01
110,131,1,1,0.01
110,111,1,1,0.01
111,89,1,1,0.01
111,133,1,1,0.01
111,110,1,1,0.01
111,112,1,1,0.01
112,90,1,1,0.01
112,134,1,1,0.01
112,111,1,1,0.01
112,113,1,1,0.01
113,91,1,1,0.01
113,135,1,1,0.01
113,112,1,1,0.01
113,114,1,1,0.01
114,92,1,1,0.01
114,136,1,1,0.01
114,113,1,1,0.01
114,115,1,1,0.01
115,93,1,1,0.01
115,137,1,1,0.01
115,114,1,1,0.01
115,116,1,1,0.01
116,94,1,1,0.01
116,138,1,1,0.01
116,115,1,1,0.01
116,117,1,1,0.01
117,95,1,1,0.01
117,139,1,1,0.01
117,116,1,1,0.01
117,118,1,1,0.01
118,96,1,1,0.01
118,140,1,1,0.01
118,117,1,1,0.01
118,119,1,1,0.01
119,97,1,1,0.01
119,141,1,1,0.01
119,118,1,1,0.01
119,120,1,1,0.01
120,98,1,1,0.01
120,142,1,1,0.01
120,119,1,1,0.01
120,121,1,1,0.01
121,99,1,1,0.01
121,143,1,1,0.01
121,120,1,1,0.01
121,122,1,1,0.01
122,100,1,1,0.01
122,144,1,1,0.01
122,121,1,1,0.01
122,123,1,1,0.01
123,101,1,1,0.01
123,145,1,1,0.01
123,122,1,1,0.01
123,124,1,1,0.01
124,102,1,1,0.01
124,146,1,1,0.01
124,123,1,1,0.01
124,125,1,1,0.01
125,103,1,1,0.01
125,147,1,1,0.01
125,124,1,1,0.01
125,126,1,1,0.01
126,104,1,1,0.01
126,148,1,1,0.01
126,125,1,1,0.01
126,127,1,1,0.01
127,105,1,1,0.01
127,149,1,1,0.01
127,126,1,1,0.01
127,128,1,1,0.01
128,106,1,1,0.01
128,150,1,1,0.01
128,127,1,1,0.01
128,129,1,1,0.01
129,107,1,1,0.01
129,151,1,1,0.01
129,128,1,1,0.01
129,130,1,1,0.01
130,108,1,1,0.01
130,152,1,1,0.01
130,129,1,1,0.01
130,131,1,1,0.01
131,109,1,1,0.01
131,153,1,1,0.01
131,130,1,1,0.01
131,110,1,1,0.01
132,110,1,1,0.01
132,154,1,1,0.01
132,153,1,1,0.01
132,133,1,1,0.01
133,111,1,1,0.01
133,155,1,1,0.01
133,132,1,1,0.01
133,134,1,1,0.01
134,112,1,1,0.01
134,156,1,1,0.01
134,133,1,1,0.01
134,135,1,1,0.01
135,113,1,1,0.01
135,157,1,1,0.01
135,134,1,1,0.01
135,136,1,1,0.01
136,114,1,1,0.01
136,158,1,1,0.01
136,135,1,1,0.01
136,137,1,1,0.01
137,115,1,1,0.01
137,159,1,1,0.01
137,136,1,1,0.01
137,138,1,1,0.01
138,116,1,1,0.01
138,160,1,1,0.01
138,137,1,1,0.01
138,139,1,1,0.01
139,117,1,1,0.01
139,161,1,1,0.01
139,138,1,1,0.01
139,140,1,1,0.01
140,118,1,1,0.01
140,162,1,1,0.01
140,139,1,1,0.01
140,141,1,1,0.01
141,119,1,1,0.01
141,163,1,1,0.01
141,140,1,1,0.01
141,142,1,1,0.01
142,120,1,1,0.01
142,164,1,1,0.01
142,141,1,1,0.01
142,143,1,1,0.01
143,121,1,1,0.01
143,165,1,1,0.01
143,142,1,1,0.01
143,144,1,1,0.01
144,122,1,1,0.01
144,166,1,1,0.01
144,143,1,1,0.01
144,145,1,1,0.01
145,123,1,1,0.01
145,167,1,1,0.01
145,144,1,1,0.01
145,146,1,1,0.01
146,124,1,1,0.01
146,168,1,1,0.01
146,145,1,1,0.01
146,147,1,1,0.01
147,125,1,1,0.01
147,169,1,1,0.01
147,146,1,1,0.01
147,148,1,1,0.01
148,126,1,1,0.01
148,170,1,1,0.01
148,147,1,1,0.01
148,149,1,1,0.01
149,127,1,1,0.01
149,171,1,1,0.01
149,148,1,1,0.01
149,150,1,1,0.01
150,128,1,1,0.01
150,172,1,1,0.01
150,149,1,1,0.01
150,151,1,1,0.01
151,129,1,1,0.01
151,173,1,1,0.01
151,150,1,1,0.01
151,152,1,1,0.01
152,130,1,1,0.01
152,174,1,1,0.01
152,151,1,1,0.01
152,153,1,1,0.01
153,131,1,1,0.01
153,175,1,1,0.01
153,152,1,1,0.01
153,132,1,1,0.01
154,132,1,1,0.01
154,176,1,1,0.01
154,175,1,1,0.01
154,155,1,1,0.01
155,133,1,1,0.01
155,177,1,1,0.01
155,154,1,1,0.01
155,156,1,1,0.01
156,134,1,1,0.01
156,178,1,1,0.01
156,155,1,1,0.01
156,157,1,1,0.01
157,135,1,1,0.01
157,179,1,1,0.01
157,156,1,1,0.01
157,158,1,1,0.01
158,136,1,1,0.01
158,180,1,1,0.01
158,157,1,1,0.01
158,159,1,1,0.01
159,137,1,1,0.01
159,181,1,1,0.01
159,158,1,1,0.01
159,160,1,1,0.01
160,138,1,1,0.01
160,182,1,1,0.01
160,159,1,1,0.01
160,161,1,1,0.01
161,139,1,1,0.01
161,183,1,1,0.01
161,160,1,1,0.01
161,162,1,1,0.01
162,140,1,1,0.01
162,184,1,1,0.01
162,161,1,1,0.01
162,163,1,1,0.01
163,141,1,1,0.01
163,185,1,1,0.01
163,162,1,1,0.01
163,164,1,1,0.01
164,142,1,1,0.01
164,186,1,1,0.01
164,163,1,1,0.01
164,165,1,1,0.01
165,143,1,1,0.01
165,187,1,1,0.01
165,164,1,1,0.01
165,166,1,1,0.01
166,144,1,1,0.01
166,188,1,1,0.01
166,165,1,1,0.01
166,167,1,1,0.01
167,145,1,1,0.01
167,189,1,1,0.01
167,166,1,1,0.01
167,168,1,1,0.01
168,146,1,1,0.01
168,190,1,1,0.01
168,167,1,1,0.01
168,169,1,1,0.01
169,147,1,1,0.01
169,191,1,1,0.01
169,168,1,1,0.01
169,170,1,1,0.01
170,148,1,1,0.01
170,192,1,1,0.01
170,169,1,1,0.01
170,171,1,1,0.01
171,149,1,1,0.01
171,193,1,1,0.01
171,170,1,1,0.01
171,172,1,1,0.01
172,150,1,1,0.01
172,194,1,1,0.01
172,171,1,1,0.01
172,173,1,1,0.01
173,151,1,1,0.01
173,195,1,1,0.01
173,172,1,1,0.01
173,174,1,1,0.01
174,152,1,1,0.01
174,196,1,1,0.01
174,173,1,1,0.01
174,175,1,1,0.01
175,153,1,1,0.01
175,197,1,1,0.01
175,174,1,1,0.01
175,154,1,1,0.01
176,154,1,1,0.01
176,198,1,1,0.01
176,197,1,1,0.01
176,177,1,1,0.01
177,155,1,1,0.01
177,199,1,1,0.01
177,176,1,1,0.01
177,178,1,1,0.01
178,156,1,1,0.01
178,200,1,1,0.01
178,177,1,1,0.01
178,179,1,1,0.01
179,157,1,1,0.01
179,201,1,1,0.01
179,178,1,1,0.01
179,180,1,1,0.01
180,158,1,1,0.01
180,202,1,1,0.01
180,179,1,1,0.01
180,181,1,1,0.01
181,159,1,1,0.01
181,203,1,1,0.01
181,180,1,1,0.01
181,182,1,1,0.01
182,160,1,1,0.01
182,204,1,1,0.01
182,181,1,1,0.01
182,183,1,1,0.01
183,161,1,1,0.01
183,205,1,1,0.01
183,182,1,1,0.01
183,184,1,1,0.01
184,162,1,1,0.01
184,206,1,1,0.01
184,183,1,1,0.01
184,185,1,1,0.01
185,163,1,1,0.01
185,207,1,1,0.01
185,184,1,1,0.01
185,186,1,1,0.01
186,164,1,1,0.01
186,208,1,1,0.01
186,185,1,1,0.01
186,187,1,1,0.01
187,165,1,1,0.01
187,209,1,1,0.01
187,186,1,1,0.01
187,188,1,1,0.01
188,166,1,1,0.01
188,210,1,1,0.01
188,187,1,1,0.01
188,189,1,1,0.01
189,167,1,1,0.01
189,211,1,1,0.01
189,188,1,1,0.01
189,190,1,1,0.01
190,168,1,1,0.01
190,212,1,1,0.01
190,189,1,1,0.01
190,191,1,1,0.01
191,169,1,1,0.01
191,213,1,1,0.01
191,190,1,1,0.01
191,192,1,1,0.01
192,170,1,1,0.01
192,214,1,1,0.01
192,191,1,1,0.01
192,193,1,1,0.01
193,171,1,1,0.01
193,215,1,1,0.01
193,192,1,1,0.01
193,194,1,1,0.01
194,172,1,1,0.01
194,216,1,1,0.01
194,193,1,1,0.01
194,195,1,1,0.01
195,173,1,1,0.01
195,217,1,1,0.01
195,194,1,1,0.01
195,196,1,1,0.01
196,174,1,1,0.01
196,218,1,1,0.01
196,195,1,1,0.01
196,197,1,1,0.01
197,175,1,1,0.01
197,219,1,1,0.01
197,196,1,1,0.01
197,176,1,1,0.01
198,176,1,1,0.01
198,220,1,1,0.01
198,219,1,1,0.01
198,199,1,1,0.01
199,177,1,1,0.01
199,221,1,1,0.01
199,198,1,1,0.01
199,200,1,1,0.01
200,178,1,1,0.01
200,222,1,1,0.01
200,199,1,1,0.01
200,201,1,1,0.01
201,179,1,1,0.01
201,223,1,1,0.01
201,200,1,1,0.01
201,202,1,1,0.01
202,180,1,1,0.01
202,224,1,1,0.01
202,201,1,1,0.01
202,203,1,1,0.01
203,181,1,1,0.01
203,225,1,1,0.01
203,202,1,1,0.01
203,204,1,1,0.01
204,182,1,1,0.01
204,226,1,1,0.01
204,203,1,1,0.01
204,205,1,1,0.01
205,183,1,1,0.01
205,227,1,1,0.01
205,204,1,1,0.01
205,206,1,1,0.01
206,184,1,1,0.01
206,228,1,1,0.01
206,205,1,1,0.01
206,207,1,1,0.01
207,185,1,1,0.01
207,229,1,1,0.01
207,206,1,1,0.01
207,208,1,1,0.01
208,186,1,1,0.01
208,230,1,1,0.01
208,207,1,1,0.01
208,209,1,1,0.01
209,187,1,1,0.01
209,231,1,1,0.01
209,208,1,1,0.01
209,210,1,1,0.01
210,188,1,1,0.01
210,232,1,1,0.01
210,209,1,1,0.01
210,211,1,1,0.01
211,189,1,1,0.01
211,233,1,1,0.01
211,210,1,1,0.01
211,212,1,1,0.01
212,190,1,1,0.01
212,234,1,1,0.01
212,211,1,1,0.01
212,213,1,1,0.01
213,191,1,1,0.01
213,235,1,1,0.01
213,212,1,1,0.01
213,214,1,1,0.01
214,192,1,1,0.01
214,236,1,1,0.01
214,213,1,1,0.01
214,215,1,1,0.01
215,193,1,1,0.01
215,237,1,1,0.01
215,214,1,1,0.01
215,216,1,1,0.01
216,194,1,1,0.01
216,238,1,1,0.01
216,215,1,1,0.01
216,217,1,1,0.01
217,195,1,1,0.01
217,239,1,1,0.01
217,216,1,1,0.01
217,218,1,1,0.01
218,196,1,1,0.01
218,240,1,1,0.01
218,217,1,1,0.01
218,219,1,1,0.01
219,197,1,1,0.01
219,241,1,1,0.01
219,218,1,1,0.01
219,198,1,1,0.01
220,198,1,1,0.01
220,242,1,1,0.01
220,241,1,1,0.01
220,221,1,1,0.01
221,199,1,1,0.01
221,243,1,1,0.01
221,220,1,1,0.01
221,222,1,1,0.01
222,200,1,1,0.01
222,244,1,1,0.01
222,221,1,1,0.01
222,223,1,1,0.01
223,201,1,1,0.01
223,245,1,1,0.01
223,222,1,1,0.01
223,224,1,1,0.01
224,202,1,1,0.01
224,246,1,1,0.01
224,223,1,1,0.01
224,225,1,1,0.01
225,203,1,1,0.01
225,247,1,1,0.01
225,224,1,1,0.01
225,226,1,1,0.01
226,204,1,1,0.01
226,248,1,1,0.01
226,225,1,1,0.01
226,227,1,1,0.01
227,205,1,1,0.01
227,249,1,1,0.01
227,226,1,1,0.01
227,228,1,1,0.01
228,206,1,1,0.01
228,250,1,1,0.01
228,227,1,1,0.01
228,229,1,1,0.01
229,207,1,1,0.01
229,251,1,1,0.01
229,228,1,1,0.01
229,230,1,1,0.01
230,208,1,1,0.01
230,252,1,1,0.01
230,229,1,1,0.01
230,231,1,1,0.01
231,209,1,1,0.01
231,253,1,1,0.01
231,230,1,1,0.01
231,232,1,1,0.01
232,210,1,1,0.01
232,254,1,1,0.01
232,231,1,1,0.01
232,233,1,1,0.01
233,211,1,1,0.01
233,255,1,1,0.01
233,232,1,1,0.01
233,234,1,1,0.01
234,212,1,1,0.01
234,256,1,1,0.01
234,233,1,1,0.01
234,235,1,1,0.01
235,213,1,1,0.01
235,257,1,1,0.01
235,234,1,1,0.01
235,236,1,1,0.01
236,214,1,1,0.01
236,258,1,1,0.01
236,235,1,1,0.01
236,237,1,1,0.01
237,215,1,1,0.01
237,259,1,1,0.01
237,236,1,1,0.01
237,238,1,1,0.01
238,216,1,1,0.01
238,260,1,1,0.01
238,237,1,1,0.01
238,239,1,1,0.01
239,217,1,1,0.01
239,261,1,1,0.01
239,238,1,1,0.01
239,240,1,1,0.01
240,218,1,1,0.01
240,262,1,1,0.01
240,239,1,1,0.01
240,241,1,1,0.01
241,219,1,1,0.01
241,263,1,1,0.01
241,240,1,1,0.01
241,220,1,1,0.01
242,220,1,1,0.01
242,264,1,1,0.01
242,263,1,1,0.01
242,243,1,1,0.01
243,221,1,1,0.01
243,265,1,1,0.01
243,242,1,1,0.01
243,244,1,1,0.01
244,222,1,1,0.01
244,266,1,1,0.01
244,243,1,1,0.01
244,245,1,1,0.01
245,223,1,1,0.01
245,267,1,1,0.01
245,244,1,1,0.01
245,246,1,1,0.01
246,224,1,1,0.01
246,268,1,1,0.01
246,245,1,1,0.01
246,247,1,1,0.01
247,225,1,1,0.01
247,269,1,1,0.01
247,246,1,1,0.01
247,248,1,1,0.01
248,226,1,1,0.01
248,270,1,1,0.01
248,247,1,1,0.01
248,249,1,1,0.01
249,227,1,1,0.01
249,271,1,1,0.01
249,248,1,1,0.01
249,250,1,1,0.01
250,228,1,1,0.01
250,272,1,1,0.01
250,249,1,1,0.01
250,251,1,1,0.01
251,229,1,1,0.01
251,273,1,1,0.01
251,250,1,1,0.01
251,252,1,1,0.01
252,230,1,1,0.01
252,274,1,1,0.01
252,251,1,1,0.01
252,253,1,1,0.01
253,231,1,1,0.01
253,275,1,1,0.01
253,252,1,1,0.01
253,254,1,1,0.01
254,232,1,1,0.01
254,276,1,1,0.01
254,253,1,1,0.01
254,255,1,1,0.01
255,233,1,1,0.01
255,277,1,1,0.01
255,254,1,1,0.01
255,256,1,1,0.01
256,234,1,1,0.01
256,278,1,1,0.01
256,255,1,1,0.01
256,257,1,1,0.01
257,235,1,1,0.01
257,279,1,1,0.01
257,256,1,1,0.01
257,258,1,1,0.01
258,236,1,1,0.01
258,280,1,1,0.01
258,257,1,1,0.01
258,259,1,1,0.01
259,237,1,1,0.01
259,281,1,1,0.01
259,258,1,1,0.01
259,260,1,1,0.01
260,238,1,1,0.01
260,282,1,1,0.01
260,259,1,1,0.01
260,261,1,1,0.01
261,239,1,1,0.01
261,283,1,1,0.01
261,260,1,1,0.01
261,262,1,1,0.01
262,240,1,1,0.01
262,284,1,1,0.01
262,261,1,1,0.01
262,263,1,1,0.01
263,241,1,1,0.01
263,285,1,1,0.01
263,262,1,1,0.01
263,242,1,1,0.01
264,242,1,1,0.01
264,286,1,1,0.01
264,285,1,1,0.01
264,265,1,1,0.01
265,243,1,1,0.01
265,287,1,1,0.01
265,264,1,1,0.01
265,266,1,1,0.01
266,244,1,1,0.01
266,288,1,1,0.01
266,265,1,1,0.01
266,267,1,1,0.01
267,245,1,1,0.01
267,289,1,1,0.01
267,266,1,1,0.01
267,268,1,1,0.01
268,246,1,1,0.01
268,290,1,1,0.01
268,267,1,1,0.01
268,269,1,1,0.01
269,247,1,1,0.01
269,291,1,1,0.01
269,268,1,1,0.01
269,270,1,1,0.01
270,248,1,1,0.01
270,292,1,1,0.01
270,269,1,1,0.01
270,271,1,1,0.01
271,249,1,1,0.01
271,293,1,1,0.01
271,270,1,1,0.01
271,272,1,1,0.01
272,250,1,1,0.01
272,294,1,1,0.01
272,271,1,1,0.01
272,273,1,1,0.01
273,251,1,1,0.01
273,295,1,1,0.01
273,272,1,1,0.01
273,274,1,1,0.01
274,252,1,1,0.01
274,296,1,1,0.01
274,273,1,1,0.01
274,275,1,1,0.01
275,253,1,1,0.01
275,297,1,1,0.01
275,274,1,1,0.01
275,276,1,1,0.01
276,254,1,1,0.01
276,298,1,1,0.01
276,275,1,1,0.01
276,277,1,1,0.01
277,255,1,1,0.01
277,299,1,1,0.01
277,276,1,1,0.01
277,278,1,1,0.01
278,256,1,1,0.01
278,300,1,1,0.01
278,277,1,1,0.01
278,279,1,1,0.01
279,257,1,1,0.01
279,301,1,1,0.01
279,278,1,1,0.01
279,280,1,1,0.01
280,258,1,1,0.01
280,302,1,1,0.01
280,279,1,1,0.01
280,281,1,1,0.01
281,259,1,1,0.01
281,303,1,1,0.01
281,280,1,1,0.01
281,282,1,1,0.01
282,260,1,1,0.01
282,304,1,1,0.01
282,281,1,1,0.01
282,283,1,1,0.01
283,261,1,1,0.01
283,305,1,1,0.01
283,282,1,1,0.01
283,284,1,1,0.01
284,262,1,1,0.01
284,306,1,1,0.01
284,283,1,1,0.01
284,285,1,1,0.01
285,263,1,1,0.01
285,307,1,1,0.01
285,284,1,1,0.01
285,264,1,1,0.01
286,264,1,1,0.01
286,308,1,1,0.01
286,307,1,1,0.01
286,287,1,1,0.01
287,265,1,1,0.01
287,309,1,1,0.01
287,286,1,1,0.01
287,288,1,1,0.01
288,266,1,1,0.01
288,310,1,1,0.01
288,287,1,1,0.01
288,289,1,1,0.01
289,267,1,1,0.01
289,311,1,1,0.01
289,288,1,1,0.01
289,290,1,1,0.01
290,268,1,1,0.01
290,312,1,1,0.01
290,289,1,1,0.01
290,291,1,1,0.01
291,269,1,1,0.01
291,313,1,1,0.01
291,290,1,1,0.01
291,292,1,1,0.01
292,270,1,1,0.01
292,314,1,1,0.01
292,291,1,1,0.01
292,293,1,1,0.01
293,271,1,1,0.01
293,315,1,1,0.01
293,292,1,1,0.01
293,294,1,1,0.01
294,272,1,1,0.01
294,316,1,1,0.01
294,293,1,1,0.01
294,295,1,1,0.01
295,273,1,1,0.01
295,317,1,1,0.01
295,294,1,1,0.01
295,296,1,1,0.01
296,274,1,1,0.01
296,318,1,1,0.01
296,295,1,1,0.01
296,297,1,1,0.01
297,275,1,1,0.01
297,319,1,1,0.01
297,296,1,1,0.01
297,298,1,1,0.01
298,276,1,1,0.01
298,320,1,1,0.01
298,297,1,1,0.01
298,299,1,1,0.01
299,277,1,1,0.01
299,321,1,1,0.01
299,298,1,1,0.01
299,300,1,1,0.01
300,278,1,1,0.01
300,322,1,1,0.01
300,299,1,1,0.01
300,301,1,1,0.01
301,279,1,1,0.01
301,323,1,1,0.01
301,300,1,1,0.01
301,302,1,1,0.01
302,280,1,1,0.01
302,324,1,1,0.01
302,301,1,1,0.01
302,303,1,1,0.01
303,281,1,1,0.01
303,325,1,1,0.01
303,302,1,1,0.01
303,304,1,1,0.01
304,282,1,1,0.01
304,326,1,1,0.01
304,303,1,1,0.01
304,305,1,1,0.01
305,283,1,1,0.01
305,327,1,1,0.01
305,304,1,1,0.01
305,306,1,1,0.01
306,284,1,1,0.01
306,328,1,1,0.01
306,305,1,1,0.01
306,307,1,1,0.01
307,285,1,1,0.01
307,329,1,1,0.01
307,306,1,1,0.01
307,286,1,1,0.01
308,286,1,1,0.01
308,330,1,1,0.01
308,329,1,1,0.01
308,309,1,1,0.01
309,287,1,1,0.01
309,331,1,1,0.01
309,308,1,1,0.01
309,310,1,1,0.01
310,288,1,1,0.01
310,332,1,1,0.01
310,309,1,1,0.01
310,311,1,1,0.01
311,289,1,1,0.01
311,333,1,1,0.01
311,310,1,1,0.01
311,312,1,1,0.01
312,290,1,1,0.01
312,334,1,1,0.01
312,311,1,1,0.01
312,313,1,1,0.01
313,291,1,1,0.01
313,335,1,1,0.01
313,312,1,1,0.01
313,314,1,1,0.01
314,292,1,1,0.01
314,336,1,1,0.01
314,313,1,1,0.01
314,315,1,1,0.01
315,293,1,1,0.01
315,337,1,1,0.01
315,314,1,1,0.01
315,316,1,1,0.01
316,294,1,1,0.01
316,338,1,1,0.01
316,315,1,1,0.01
316,317,1,1,0.01
317,295,1,1,0.01
317,339,1,1,0.01
317,316,1,1,0.01
317,318,1,1,0.01
318,296,1,1,0.01
318,340,1,1,0.01
318,317,1,1,0.01
318,319,1,1,0.01
319,297,1,1,0.01
319,341,1,1,0.01
319,318,1,1,0.01
319,320,1,1,0.01
320,298,1,1,0.01
320,342,1,1,0.01
320,319,1,1,0.01
320,321,1,1,0.01
321,299,1,1,0.01
321,343,1,1,0.01
321,320,1,1,0.01
321,322,1,1,0.01
322,300,1,1,0.01
322,344,1,1,0.01
322,321,1,1,0.01
322,323,1,1,0.01
323,301,1,1,0.01
323,345,1,1,0.01
323,322,1,1,0.01
323,324,1,1,0.01
324,302,1,1,0.01
324,346,1,1,0.01
324,323,1,1,0.01
324,325,1,1,0.01
325,303,1,1,0.01
325,347,1,1,0.01
325,324,1,1,0.01
325,326,1,1,0.01
326,304,1,1,0.01
326,348,1,1,0.01
326,325,1,1,0.01
326,327,1,1,0.01
327,305,1,1,0.01
327,349,1,1,0.01
327,326,1,1,0.01
327,328,1,1,0.01
328,306,1,1,0.01
328,350,1,1,0.01
328,327,1,1,0.01
328,329,1,1,0.01
329,307,1,1,0.01
329,351,1,1,0.01
329,328,1,1,0.01
329,308,1,1,0.01
330,308,1,1,0.01
330,352,1,1,0.01
330,351,1,1,0.01
330,331,1,1,0.01
331,309,1,1,0.01
331,353,1,1,0.01
331,330,1,1,0.01
331,332,1,1,0.01
332,310,1,1,0.01
332,354,1,1,0.01
332,331,1,1,0.01
332,333,1,1,0.01
333,311,1,1,0.01
333,355,1,1,0.01
333,332,1,1,0.01
333,334,1,1,0.01
334,312,1,1,0.01
334,356,1,1,0.01
334,333,1,1,0.01
334,335,1,1,0.01
335,313,1,1,0.01
335,357,1,1,0.01
335,334,1,1,0.01
335,336,1,1,0.01
336,314,1,1,0.01
336,358,1,1,0.01
336,335,1,1,0.01
336,337,1,1,0.01
337,315,1,1,0.01
337,359,1,1,0.01
337,336,1,1,0.01
337,338,1,1,0.01
338,316,1,1,0.01
338,360,1,1,0.01
338,337,1,1,0.01
338,339,1,1,0.01
339,317,1,1,0.01
339,361,1,1,0.01
339,338,1,1,0.01
339,340,1,1,0.01
340,318,1,1,0.01
340,362,1,1,0.01
340,339,1,1,0.01
340,341,1,1,0.01
341,319,1,1,0.01
341,363,1,1,0.01
341,340,1,1,0.01
341,342,1,1,0.01
342,320,1,1,0.01
342,364,1,1,0.01
342,341,1,1,0.01
342,343,1,1,0.01
343,321,1,1,0.01
343,365,1,1,0.01
343,342,1,1,0.01
343,344,1,1,0.01
344,322,1,1,0.01
344,366,1,1,0.01
344,343,1,1,0.01
344,345,1,1,0.01
345,323,1,1,0.01
345,367,1,1,0.01
345,344,1,1,0.01
345,346,1,1,0.01
346,324,1,1,0.01
346,368,1,1,0.01
346,345,1,1,0.01
346,347,1,1,0.01
347,325,1,1,0.01
347,369,1,1,0.01
347,346,1,1,0.01
347,348,1,1,0.01
348,326,1,1,0.01
348,370,1,1,0.01
348,347,1,1,0.01
348,349,1,1,0.01
349,327,1,1,0.01
349,371,1,1,0.01
349,348,1,1,0.01
349,350,1,1,0.01
350,328,1,1,0.01
350,372,1,1,0.01
350,349,1,1,0.01
350,351,1,1,0.01
351,329,1,1,0.01
351,373,1,1,0.01
351,350,1,1,0.01
351,330,1,1,0.01
352,330,1,1,0.01
352,374,1,1,0.01
352,373,1,1,0.01
352,353,1,1,0.01
353,331,1,1,0.01
353,375,1,1,0.01
353,352,1,1,0.01
353,354,1,1,0.01
354,332,1,1,0.01
354,376,1,1,0.01
354,353,1,1,0.01
354,355,1,1,0.01
355,333,1,1,0.01
355,377,1,1,0.01
355,354,1,1,0.01
355,356,1,1,0.01
356,334,1,1,0.01
356,378,1,1,0.01
356,355,1,1,0.01
356,357,1,1,0.01
357,335,1,1,0.01
357,379,1,1,0.01
357,356,1,1,0.01
357,358,1,1,0.01
358,336,1,1,0.01
358,380,1,1,0.01
358,357,1,1,0.01
358,359,1,1,0.01
359,337,1,1,0.01
359,381,1,1,0.01
359,358,1,1,0.01
359,360,1,1,0.01
360,338,1,1,0.01
360,382,1,1,0.01
360,359,1,1,0.01
360,361,1,1,0.01
361,339,1,1,0.01
361,383,1,1,0.01
361,360,1,1,0.01
361,362,1,1,0.01
362,340,1,1,0.01
362,384,1,1,0.01
362,361,1,1,0.01
362,363,1,1,0.01
363,341,1,1,0.01
363,385,1,1,0.01
363,362,1,1,0.01
363,364,1,1,0.01
364,342,1,1,0.01
364,386,1,1,0.01
364,363,1,1,0.01
364,365,1,1,0.01
365,343,1,1,0.01
365,387,1,1,0.01
365,364,1,1,0.01
365,366,1,1,0.01
366,344,1,1,0.01
366,388,1,1,0.01
366,365,1,1,0.01
366,367,1,1,0.01
367,345,1,1,0.01
367,389,1,1,0.01
367,366,1,1,0.01
367,368,1,1,0.01
368,346,1,1,0.01
368,390,1,1,0.01
368,367,1,1,0.01
368,369,1,1,0.01
369,347,1,1,0.01
369,391,1,1,0.01
369,368,1,1,0.01
369,370,1,1,0.01
370,348,1,1,0.01
370,392,1,1,0.01
370,369,1,1,0.01
370,371,1,1,0.01
371,349,1,1,0.01
371,393,1,1,0.01
371,370,1,1,0.01
371,372,1,1,0.01
372,350,1,1,0.01
372,394,1,1,0.01
372,371,1,1,0.01
372,373,1,1,0.01
373,351,1,1,0.01
373,395,1,1,0.01
373,372,1,1,0.01
373,352,1,1,0.01
374,352,1,1,0.01
374,396,1,1,0.01
374,395,1,1,0.01
374,375,1,1,0.01
375,353,1,1,0.01
375,397,1,1,0.01
375,374,1,1,0.01
375,376,1,1,0.01
376,354,1,1,0.01
376,398,1,1,0.01
376,375,1,1,0.01
376,377,1,1,0.01
377,355,1,1,0.01
377,399,1,1,0.01
377,376,1,1,0.01
377,378,1,1,0.01
378,356,1,1,0.01
378,400,1,1,0.01
378,377,1,1,0.01
378,379,1,1,0.01
379,357,1,1,0.01
379,401,1,1,0.01
379,378,1,1,0.01
379,380,1,1,0.01
380,358,1,1,0.01
380,402,1,1,0.01
380,379,1,1,0.01
380,381,1,1,0.01
381,359,1,1,0.01
381,403,1,1,0.01
381,380,1,1,0.01
381,382,1,1,0.01
382,360,1,1,0.01
382,404,1,1,0.01
382,381,1,1,0.01
382,383,1,1,0.01
383,361,1,1,0.01
383,405,1,1,0.01
383,382,1,1,0.01
383,384,1,1,0.01
384,362,1,1,0.01
384,406,1,1,0.01
384,383,1,1,0.01
384,385,1,1,0.01
385,363,1,1,0.01
385,407,1,1,0.01
385,384,1,1,0.01
385,386,1,1,0.01
386,364,1,1,0.01
386,408,1,1,0.01
386,385,1,1,0.01
386,387,1,1,0.01
387,365,1,1,0.01
387,409,1,1,0.01
387,386,1,1,0.01
387,388,1,1,0.01
388,366,1,1,0.01
388,410,1,1,0.01
388,387,1,1,0.01
388,389,1,1,0.01
389,367,1,1,0.01
389,411,1,1,0.01
389,388,1,1,0.01
389,390,1,1,0.01
390,368,1,1,0.01
390,412,1,1,0.01
390,389,1,1,0.01
390,391,1,1,0.01
391,369,1,1,0.01
391,413,1,1,0.01
391,390,1,1,0.01
391,392,1,1,0.01
392,370,1,1,0.01
392,414,1,1,0.01
392,391,1,1,0.01
392,393,1,1,0.01
393,371,1,1,0.01
393,415,1,1,0.01
393,392,1,1,0.01
393,394,1,1,0.01
394,372,1,1,0.01
394,416,1,1,0.01
394,393,1,1,0.01
394,395,1,1,0.01
395,373,1,1,0.01
395,417,1,1,0.01
395,394,1,1,0.01
395,374,1,1,0.01
396,374,1,1,0.01
396,418,1,1,0.01
396,417,1,1,0.01
396,397,1,1,0.01
397,375,1,1,0.01
397,419,1,1,0.01
397,396,1,1,0.01
397,398,1,1,0.01
398,376,1,1,0.01
398,420,1,1,0.01
398,397,1,1,0.01
398,399,1,1,0.01
399,377,1,1,0.01
399,421,1,1,0.01
399,398,1,1,0.01
399,400,1,1,0.01
400,378,1,1,0.01
400,422,1,1,0.01
400,399,1,1,0.01
400,401,1,1,0.01
401,379,1,1,0.01
401,423,1,1,0.01
401,400,1,1,0.01
401,402,1,1,0.01
402,380,1,1,0.01
402,424,1,1,0.01
402,401,1,1,0.01
402,403,1,1,0.01
403,381,1,1,0.01
403,425,1,1,0.01
403,402,1,1,0.01
403,404,1,1,0.01
404,382,1,1,0.01
404,426,1,1,0.01
404,403,1,1,0.01
404,405,1,1,0.01
405,383,1,1,0.01
405,427,1,1,0.01
405,404,1,1,0.01
405,406,1,1,0.01
406,384,1,1,0.01
406,428,1,1,0.01
406,405,1,1,0.01
406,407,1,1,0.01
407,385,1,1,0.01
407,429,1,1,0.01
407,406,1,1,0.01
407,408,1,1,0.01
408,386,1,1,0.01
408,430,1,1,0.01
408,407,1,1,0.01
408,409,1,1,0.01
409,387,1,1,0.01
409,431,1,1,0.01
409,408,1,1,0.01
409,410,1,1,0.01
410,388,1,1,0.01
410,432,1,1,0.01
410,409,1,1,0.01
410,411,1,1,0.01
411,389,1,1,0.01
411,433,1,1,0.01
411,410,1,1,0.01
411,412,1,1,0.01
412,390,1,1,0.01
412,434,1,1,0.01
412,411,1,1,0.01
412,413,1,1,0.01
413,391,1,1,0.01
413,435,1,1,0.01
413,412,1,1,0.01
413,414,1,1,0.01
414,392,1,1,0.01
414,436,1,1,0.01
414,413,1,1,0.01
414,415,1,1,0.01
415,393,1,1,0.01
415,437,1,1,0.01
415,414,1,1,0.01
415,416,1,1,0.01
416,394,1,1,0.01
416,438,1,1,0.01
416,415,1,1,0.01
416,417,1,1,0.01
417,395,1,1,0.01
417,439,1,1,0.01
417,416,1,1,0.01
417,396,1,1,0.01
418,396,1,1,0.01
418,440,1,1,0.01
418,439,1,1,0.01
418,419,1,1,0.01
419,397,1,1,0.01
419,441,1,1,0.01
419,418,1,1,0.01
419,420,1,1,0.01
420,398,1,1,0.01
420,442,1,1,0.01
420,419,1,1,0.01
420,421,1,1,0.01
421,399,1,1,0.01
421,443,1,1,0.01
421,420,1,1,0.01
421,422,1,1,0.01
422,400,1,1,0.01
422,444,1,1,0.01
422,421,1,1,0.01
422,423,1,1,0.01
423,401,1,1,0.01
423,445,1,1,0.01
423,422,1,1,0.01
423,424,1,1,0.01
424,402,1,1,0.01
424,446,1,1,0.01
424,423,1,1,0.01
424,425,1,1,0.01
425,403,1,1,0.01
425,447,1,1,0.01
425,424,1,1,0.01
425,426,1,1,0.01
426,404,1,1,0.01
426,448,1,1,0.01
426,425,1,1,0.01
426,427,1,1,0.01
427,405,1,1,0.01
427,449,1,1,0.01
427,426,1,1,0.01
427,428,1,1,0.01
428,406,1,1,0.01
428,450,1,1,0.01
428,427,1,1,0.01
428,429,1,1,0.01
429,407,1,1,0.01
429,451,1,1,0.01
429,428,1,1,0.01
429,430,1,1,0.01
430,408,1,1,0.01
430,452,1,1,0.01
430,429,1,1,0.01
430,431,1,1,0.01
431,409,1,1,0.01
431,453,1,1,0.01
431,430,1,1,0.01
431,432,1,1,0.01
432,410,1,1,0.01
432,454,1,1,0.01
432,431,1,1,0.01
432,433,1,1,0.01
433,411,1,1,0.01
433,455,1,1,0.01
433,432,1,1,0.01
433,434,1,1,0.01
434,412,1,1,0.01
434,456,1,1,0.01
434,433,1,1,0.01
434,435,1,1,0.01
435,413,1,1,0.01
435,457,1,1,0.01
435,434,1,1,0.01
435,436,1,1,0.01
436,414,1,1,0.01
436,458,1,1,0.01
436,435,1,1,0.01
436,437,1,1,0.01
437,415,1,1,0.01
437,459,1,1,0.01
437,436,1,1,0.01
437,438,1,1,0.01
438,416,1,1,0.01
438,460,1,1,0.01
438,437,1,1,0.01
438,439,1,1,0.01
439,417,1,1,0.01
439,461,1,1,0.01
439,438,1,1,0.01
439,418,1,1,0.01
440,418,1,1,0.01
440,462,1,1,0.01
440,461,1,1,0.01
440,441,1,1,0.01
441,419,1,1,0.01
441,463,1,1,0.01
441,440,1,1,0.01
441,442,1,1,0.01
442,420,1,1,0.01
442,464,1,1,0.01
442,441,1,1,0.01
442,443,1,1,0.01
443,421,1,1,0.01
443,465,1,1,0.01
443,442,1,1,0.01
443,444,1,1,0.01
444,422,1,1,0.01
444,466,1,1,0.01
444,443,1,1,0.01
444,445,1,1,0.01
445,423,1,1,0.01
445,467,1,1,0.01
445,444,1,1,0.01
445,446,1,1,0.01
446,424,1,1,0.01
446,468,1,1,0.01
446,445,1,1,0.01
446,447,1,1,0.01
447,425,1,1,0.01
447,469,1,1,0.01
447,446,1,1,0.01
447,448,1,1,0.01
448,426,1,1,0.01
448,470,1,1,0.01
448,447,1,1,0.01
448,449,1,1,0.01
449,427,1,1,0.01
449,471,1,1,0.01
449,448,1,1,0.01
449,450,1,1,0.01
450,428,1,1,0.01
450,472,1,1,0.01
450,449,1,1,0.01
450,451,1,1,0.01
451,429,1,1,0.01
451,473,1,1,0.01
451,450,1,1,0.01
451,452,1,1,0.01
452,430,1,1,0.01
452,474,1,1,0.01
452,451,1,1,0.01
452,453,1,1,0.01
453,431,1,1,0.01
453,475,1,1,0.01
453,452,1,1,0.01
453,454,1,1,0.01
454,432,1,1,0.01
454,476,1,1,0.01
454,453,1,1,0.01
454,455,1,1,0.01
455,433,1,1,0.01
455,477,1,1,0.01
455,454,1,1,0.01
455,456,1,1,0.01
456,434,1,1,0.01
456,478,1,1,0.01
456,455,1,1,0.01
456,457,1,1,0.01
457,435,1,1,0.01
457,479,1,1,0.01
457,456,1,1,0.01
457,458,1,1,0.01
458,436,1,1,0.01
458,480,1,1,0.01
458,457,1,1,0.01
458,459,1,1,0.01
459,437,1,1,0.01
459,481,1,1,0.01
459,458,1,1,0.01
459,460,1,1,0.01
460,438,1,1,0.01
460,482,1,1,0.01
460,459,1,1,0.01
460,461,1,1,0.01
461,439,1,1,0.01
461,483,1,1,0.01
461,460,1,1,0.01
461,440,1,1,0.01
462,440,1,1,0.01
462,484,1,1,0.01
462,483,1,1,0.01
462,463,1,1,0.01
463,441,1,1,0.01
463,485,1,1,0.01
463,462,1,1,0.01
463,464,1,1,0.01
464,442,1,1,0.01
464,486,1,1,0.01
464,463,1,1,0.01
464,465,1,1,0.01
465,443,1,1,0.01
465,487,1,1,0.01
465,464,1,1,0.01
465,466,1,1,0.01
466,444,1,1,0.01
466,488,1,1,0.01
466,465,1,1,0.01
466,467,1,1,0.01
467,445,1,1,0.01
467,489,1,1,0.01
467,466,1,1,0.01
467,468,1,1,0.01
468,446,1,1,0.01
468,490,1,1,0.01
468,467,1,1,0.01
468,469,1,1,0.01
469,447,1,1,0.01
469,491,1,1,0.01
469,468,1,1,0.01
469,470,1,1,0.01
470,448,1,1,0.01
470,492,1,1,0.01
470,469,1,1,0.01
470,471,1,1,0.01
471,449,1,1,0.01
471,493,1,1,0.01
471,470,1,1,0.01
471,472,1,1,0.01
472,450,1,1,0.01
472,494,1,1,0.01
472,471,1,1,0.01
472,473,1,1,0.01
473,451,1,1,0.01
473,495,1,1,0.01
473,472,1,1,0.01
473,474,1,1,0.01
474,452,1,1,0.01
474,496,1,1,0.01
474,473,1,1,0.01
474,475,1,1,0.01
475,453,1,1,0.01
475,497,1,1,0.01
475,474,1,1,0.01
475,476,1,1,0.01
476,454,1,1,0.01
476,498,1,1,0.01
476,475,1,1,0.01
476,477,1,1,0.01
477,455,1,1,0.01
477,499,1,1,0.01
477,476,1,1,0.01
477,478,1,1,0.01
478,456,1,1,0.01
478,500,1,1,0.01
478,477,1,1,0.01
478,479,1,1,0.01
479,457,1,1,0.01
479,501,1,1,0.01
479,478,1,1,0.01
479,480,1,1,0.01
480,458,1,1,0.01
480,502,1,1,0.01
480,479,1,1,0.01
480,481,1,1,0.01
481,459,1,1,0.01
481,503,1,1,0.01
481,480,1,1,0.01
481,482,1,1,0.01
482,460,1,1,0.01
482,504,1,1,0.01
482,481,1,1,0.01
482,483,1,1,0.01
483,461,1,1,0.01
483,505,1,1,0.01
483,482,1,1,0.01
483,462,1,1,0.01
484,462,1,1,0.01
484,506,1,1,0.01
484,505,1,1,0.01
484,485,1,1,0.01
485,463,1,1,0.01
485,507,1,1,0.01
485,484,1,1,0.01
485,486,1,1,0.01
486,464,1,1,0.01
486,508,1,1,0.01
486,485,1,1,0.01
486,487,1,1,0.01
487,465,1,1,0.01
487,509,1,1,0.01
487,486,1,1,0.01
487,488,1,1,0.01
488,466,1,1,0.01
488,510,1,1,0.01
488,487,1,1,0.01
488,489,1,1,0.01
489,467,1,1,0.01
489,511,1,1,0.01
489,488,1,1,0.01
489,490,1,1,0.01
490,468,1,1,0.01
490,512,1,1,0.01
490,489,1,1,0.01
490,491,1,1,0.01
491,469,1,1,0.01
491,513,1,1,0.01
491,490,1,1,0.01
491,492,1,1,0.01
492,470,1,1,0.01
492,514,1,1,0.01
492,491,1,1,0.01
492,493,1,1,0.01
493,471,1,1,0.01
493,515,1,1,0.01
493,492,1,1,0.01
493,494,1,1,0.01
494,472,1,1,0.01
494,516,1,1,0.01
494,493,1,1,0.01
494,495,1,1,0.01
495,473,1,1,0.01
495,517,1,1,0.01
495,494,1,1,0.01
495,496,1,1,0.01
496,474,1,1,0.01
496,518,1,1,0.01
496,495,1,1,0.01
496,497,1,1,0.01
497,475,1,1,0.01
497,519,1,1,0.01
497,496,1,1,0.01
497,498,1,1,0.01
498,476,1,1,0.01
498,520,1,1,0.01
498,497,1,1,0.01
498,499,1,1,0.01
499,477,1,1,0.01
499,521,1,1,0.01
499,498,1,1,0.01
499,500,1,1,0.01
500,478,1,1,0.01
500,522,1,1,0.01
500,499,1,1,0.01
500,501,1,1,0.01
501,479,1,1,0.01
501,523,1,1,0.01
501,500,1,1,0.01
501,502,1,1,0.01
502,480,1,1,0.01
502,524,1,1,0.01
502,501,1,1,0.01
502,503,1,1,0.01
503,481,1,1,0.01
503,525,1,1,0.01
503,502,1,1,0.01
503,504,1,1,0.01
504,482,1,1,0.01
504,526,1,1,0.01
504,503,1,1,0.01
504,505,1,1,0.01
505,483,1,1,0.01
505,527,1,1,0.01
505,504,1,1,0.01
505,484,1,1,0.01
506,484,1,1,0.01
506,528,1,1,0.01
506,527,1,1,0.01
506,507,1,1,0.01
507,485,1,1,0.01
507,529,1,1,0.01
507,506,1,1,0.01
507,508,1,1,0.01
508,486,1,1,0.01
508,530,1,1,0.01
508,507,1,1,0.01
508,509,1,1,0.01
509,487,1,1,0.01
509,531,1,1,0.01
509,508,1,1,0.01
509,510,1,1,0.01
510,488,1,1,0.01
510,532,1,1,0.01
510,509,1,1,0.01
510,511,1,1,0.01
511,489,1,1,0.01
511,533,1,1,0.01
511,510,1,1,0.01
511,512,1,1,0.01
512,490,1,1,0.01
512,534,1,1,0.01
512,511,1,1,0.01
512,513,1,1,0.01
513,491,1,1,0.01
513,535,1,1,0.01
513,512,1,1,0.01
513,514,1,1,0.01
514,492,1,1,0.01
514,536,1,1,0.01
514,513,1,1,0.01
514,515,1,1,0.01
515,493,1,1,0.01
515,537,1,1,0.01
515,514,1,1,0.01
515,516,1,1,0.01
516,494,1,1,0.01
516,538,1,1,0.01
516,515,1,1,0.01
516,517,1,1,0.01
517,495,1,1,0.01
517,539,1,1,0.01
517,516,1,1,0.01
517,518,1,1,0.01
518,496,1,1,0.01
518,540,1,1,0.01
518,517,1,1,0.01
518,519,1,1,0.01
519,497,1,1,0.01
519,541,1,1,0.01
519,518,1,1,0.01
519,520,1,1,0.01
520,498,1,1,0.01
520,542,1,1,0.01
520,519,1,1,0.01
520,521,1,1,0.01
521,499,1,1,0.01
521,543,1,1,0.01
521,520,1,1,0.01
521,522,1,1,0.01
522,500,1,1,0.01
522,544,1,1,0.01
522,521,1,1,0.01
522,523,1,1,0.01
523,501,1,1,0.01
523,545,1,1,0.01
523,522,1,1,0.01
523,524,1,1,0.01
524,502,1,1,0.01
524,546,1,1,0.01
524,523,1,1,0.01
524,525,1,1,0.01
525,503,1,1,0.01
525,547,1,1,0.01
525,524,1,1,0.01
525,526,1,1,0.01
526,504,1,1,0.01
526,548,1,1,0.01
526,525,1,1,0.01
526,527,1,1,0.01
527,505,1,1,0.01
527,549,1,1,0.01
527,526,1,1,0.01
527,506,1,1,0.01
528,506,1,1,0.01
528,550,1,1,0.01
528,549,1,1,0.01
528,529,1,1,0.01
529,507,1,1,0.01
529,551,1,1,0.01
529,528,1,1,0.01
529,530,1,1,0.01
530,508,1,1,0.01
530,552,1,1,0.01
530,529,1,1,0.01
530,531,1,1,0.01
531,509,1,1,0.01
531,553,1,1,0.01
531,530,1,1,0.01
531,532,1,1,0.01
532,510,1,1,0.01
532,554,1,1,0.01
532,531,1,1,0.01
532,533,1,1,0.01
533,511,1,1,0.01
533,555,1,1,0.01
533,532,1,1,0.01
533,534,1,1,0.01
534,512,1,1,0.01
534,556,1,1,0.01
534,533,1,1,0.01
534,535,1,1,0.01
535,513,1,1,0.01
535,557,1,1,0.01
535,534,1,1,0.01
535,536,1,1,0.01
536,514,1,1,0.01
536,558,1,1,0.01
536,535,1,1,0.01
536,537,1,1,0.01
537,515,1,1,0.01
537,559,1,1,0.01
537,536,1,1,0.01
537,538,1,1,0.01
538,516,1,1,0.01
538,560,1,1,0.01
538,537,1,1,0.01
538,539,1,1,0.01
539,517,1,1,0.01
539,561,1,1,0.01
539,538,1,1,0.01
539,540,1,1,0.01
540,518,1,1,0.01
540,562,1,1,0.01
540,539,1,1,0.01
540,541,1,1,0.01
541,519,1,1,0.01
541,563,1,1,0.01
541,540,1,1,0.01
541,542,1,1,0.01
542,520,1,1,0.01
542,564,1,1,0.01
542,541,1,1,0.01
542,543,1,1,0.01
543,521,1,1,0.01
543,565,1,1,0.01
543,542,1,1,0.01
543,544,1,1,0.01
544,522,1,1,0.01
544,566,1,1,0.01
544,543,1,1,0.01
544,545,1,1,0.01
545,523,1,1,0.01
545,567,1,1,0.01
545,544,1,1,0.01
545,546,1,1,0.01
546,524,1,1,0.01
546,568,1,1,0.01
546,545,1,1,0.01
546,547,1,1,0.01
547,525,1,1,0.01
547,569,1,1,0.01
547,546,1,1,0.01
547,548,1,1,0.01
548,526,1,1,0.01
548,570,1,1,0.01
548,547,1,1,0.01
548,549,1,1,0.01
549,527,1,1,0.01
549,571,1,1,0.01
549,548,1,1,0.01
549,528,1,1,0.01
550,528,1,1,0.01
550,572,1,1,0.01
550,571,1,1,0.01
550,551,1,1,0.01
551,529,1,1,0.01
551,573,1,1,0.01
551,550,1,1,0.01
551,552,1,1,0.01
552,530,1,1,0.01
552,574,1,1,0.01
552,551,1,1,0.01
552,553,1,1,0.01
553,531,1,1,0.01
553,575,1,1,0.01
553,552,1,1,0.01
553,554,1,1,0.01
554,532,1,1,0.01
554,576,1,1,0.01
554,553,1,1,0.01
554,555,1,1,0.01
555,533,1,1,0.01
555,577,1,1,0.01
555,554,1,1,0.01
555,556,1,1,0.01
556,534,1,1,0.01
556,578,1,1,0.01
556,555,1,1,0.01
556,557,1,1,0.01
557,535,1,1,0.01
557,579,1,1,0.01
557,556,1,1,0.01
557,558,1,1,0.01
558,536,1,1,0.01
558,580,1,1,0.01
558,557,1,1,0.01
558,559,1,1,0.01
559,537,1,1,0.01
559,581,1,1,0.01
559,558,1,1,0.01
559,560,1,1,0.01
560,538,1,1,0.01
560,582,1,1,0.01
560,559,1,1,0.01
560,561,1,1,0.01
561,539,1,1,0.01
561,583,1,1,0.01
561,560,1,1,0.01
561,562,1,1,0.01
562,540,1,1,0.01
562,584,1,1,0.01
562,561,1,1,0.01
562,563,1,1,0.01
563,541,1,1,0.01
563,585,1,1,0.01
563,562,1,1,0.01
563,564,1,1,0.01
564,542,1,1,0.01
564,586,1,1,0.01
564,563,1,1,0.01
564,565,1,1,0.01
565,543,1,1,0.01
565,587,1,1,0.01
565,564,1,1,0.01
565,566,1,1,0.01
566,544,1,1,0.01
566,588,1,1,0.01
566,565,1,1,0.01
566,567,1,1,0.01
567,545,1,1,0.01
567,589,1,1,0.01
567,566,1,1,0.01
567,568,1,1,0.01
568,546,1,1,0.01
568,590,1,1,0.01
568,567,1,1,0.01
568,569,1,1,0.01
569,547,1,1,0.01
569,591,1,1,0.01
569,568,1,1,0.01
569,570,1,1,0.01
570,548,1,1,0.01
570,592,1,1,0.01
570,569,1,1,0.01
570,571,1,1,0.01
571,549,1,1,0.01
571,593,1,1,0.01
571,570,1,1,0.01
571,550,1,1,0.01
572,550,1,1,0.01
572,594,1,1,0.01
572,593,1,1,0.01
572,573,1,1,0.01
573,551,1,1,0.01
573,595,1,1,0.01
573,572,1,1,0.01
573,574,1,1,0.01
574,552,1,1,0.01
574,596,1,1,0.01
574,573,1,1,0.01
574,575,1,1,0.01
575,553,1,1,0.01
575,597,1,1,0.01
575,574,1,1,0.01
575,576,1,1,0.01
576,554,1,1,0.01
576,598,1,1,0.01
576,575,1,1,0.01
576,577,1,1,0.01
577,555,1,1,0.01
577,599,1,1,0.01
577,576,1,1,0.01
577,578,1,1,0.01
578,556,1,1,0.01
578,600,1,1,0.01
578,577,1,1,0.01
578,579,1,1,0.01
579,557,1,1,0.01
579,601,1,1,0.01
579,578,1,1,0.01
579,580,1,1,0.01
580,558,1,1,0.01
580,602,1,1,0.01
580,579,1,1,0.01
580,581,1,1,0.01
581,559,1,1,0.01
581,603,1,1,0.01
581,580,1,1,0.01
581,582,1,1,0.01
582,560,1,1,0.01
582,604,1,1,0.01
582,581,1,1,0.01
582,583,1,1,0.01
583,561,1,1,0.01
583,605,1,1,0.01
583,582,1,1,0.01
583,584,1,1,0.01
584,562,1,1,0.01
584,606,1,1,0.01
584,583,1,1,0.01
584,585,1,1,0.01
585,563,1,1,0.01
585,607,1,1,0.01
585,584,1,1,0.01
585,586,1,1,0.01
586,564,1,1,0.01
586,608,1,1,0.01
586,585,1,1,0.01
586,587,1,1,0.01
587,565,1,1,0.01
587,609,1,1,0.01
587,586,1,1,0.01
587,588,1,1,0.01
588,566,1,1,0.01
588,610,1,1,0.01
588,587,1,1,0.01
588,589,1,1,0.01
589,567,1,1,0.01
589,611,1,1,0.01
589,588,1,1,0.01
589,590,1,1,0.01
590,568,1,1,0.01
590,612,1,1,0.01
590,589,1,1,0.01
590,591,1,1,0.01
591,569,1,1,0.01
591,613,1,1,0.01
591,590,1,1,0.01
591,592,1,1,0.01
592,570,1,1,0.01
592,614,1,1,0.01
592,591,1,1,0.01
592,593,1,1,0.01
593,571,1,1,0.01
593,615,1,1,0.01
593,592,1,1,0.01
593,572,1,1,0.01
594,572,1,1,0.01
594,616,1,1,0.01
594,615,1,1,0.01
594,595,1,1,0.01
595,573,1,1,0.01
595,617,1,1,0.01
595,594,1,1,0.01
595,596,1,1,0.01
596,574,1,1,0.01
596,618,1,1,0.01
596,595,1,1,0.01
596,597,1,1,0.01
597,575,1,1,0.01
597,619,1,1,0.01
597,596,1,1,0.01
597,598,1,1,0.01
598,576,1,1,0.01
598,620,1,1,0.01
598,597,1,1,0.01
598,599,1,1,0.01
599,577,1,1,0.01
599,621,1,1,0.01
599,598,1,1,0.01
599,600,1,1,0.01
600,578,1,1,0.01
600,622,1,1,0.01
600,599,1,1,0.01
600,601,1,1,0.01
601,579,1,1,0.01
601,623,1,1,0.01
601,600,1,1,0.01
601,602,1,1,0.01
602,580,1,1,0.01
602,624,1,1,0.01
602,601,1,1,0.01
602,603,1,1,0.01
603,581,1,1,0.01
603,625,1,1,0.01
603,602,1,1,0.01
603,604,1,1,0.01
604,582,1,1,0.01
604,626,1,1,0.01
604,603,1,1,0.01
604,605,1,1,0.01
605,583,1,1,0.01
605,627,1,1,0.01
605,604,1,1,0.01
605,606,1,1,0.01
606,584,1,1,0.01
606,628,1,1,0.01
606,605,1,1,0.01
606,607,1,1,0.01
607,585,1,1,0.01
607,629,1,1,0.01
607,606,1,1,0.01
607,608,1,1,0.01
608,586,1,1,0.01
608,630,1,1,0.01
608,607,1,1,0.01
608,609,1,1,0.01
609,587,1,1,0.01
609,631,1,1,0.01
609,608,1,1,0.01
609,610,1,1,0.01
610,588,1,1,0.01
610,632,1,1,0.01
610,609,1,1,0.01
610,611,1,1,0.01
611,589,1,1,0.01
611,633,1,1,0.01
611,610,1,1,0.01
611,612,1,1,0.01
612,590,1,1,0.01
612,634,1,1,0.01
612,611,1,1,0.01
612,613,1,1,0.01
613,591,1,1,0.01
613,635,1,1,0.01
613,612,1,1,0.01
613,614,1,1,0.01
614,592,1,1,0.01
614,636,1,1,0.01
614,613,1,1,0.01
614,615,1,1,0.01
615,593,1,1,0.01
615,637,1,1,0.01
615,614,1,1,0.01
615,594,1,1,0.01
616,594,1,1,0.01
616,638,1,1,0.01
616,637,1,1,0.01
616,617,1,1,0.01
617,595,1,1,0.01
617,639,1,1,0.01
617,616,1,1,0.01
617,618,1,1,0.01
618,596,1,1,0.01
618,640,1,1,0.01
618,617,1,1,0.01
618,619,1,1,0.01
619,597,1,1,0.01
619,641,1,1,0.01
619,618,1,1,0.01
619,620,1,1,0.01
620,598,1,1,0.01
620,642,1,1,0.01
620,619,1,1,0.01
620,621,1,1,0.01
621,599,1,1,0.01
621,643,1,1,0.01
621,620,1,1,0.01
621,622,1,1,0.01
622,600,1,1,0.01
622,644,1,1,0.01
622,621,1,1,0.01
622,623,1,1,0.01
623,601,1,1,0.01
623,645,1,1,0.01
623,622,1,1,0.01
623,624,1,1,0.01
624,602,1,1,0.01
624,646,1,1,0.01
624,623,1,1,0.01
624,625,1,1,0.01
625,603,1,1,0.01
625,647,1,1,0.01
625,624,1,1,0.01
625,626,1,1,0.01
626,604,1,1,0.01
626,648,1,1,0.01
626,625,1,1,0.01
626,627,1,1,0.01
627,605,1,1,0.01
627,649,1,1,0.01
627,626,1,1,0.01
627,628,1,1,0.01
628,606,1,1,0.01
628,650,1,1,0.01
628,627,1,1,0.01
628,629,1,1,0.01
629,607,1,1,0.01
629,651,1,1,0.01
629,628,1,1,0.01
629,630,1,1,0.01
630,608,1,1,0.01
630,652,1,1,0.01
630,629,1,1,0.01
630,631,1,1,0.01
631,609,1,1,0.01
631,653,1,1,0.01
631,630,1,1,0.01
631,632,1,1,0.01
632,610,1,1,0.01
632,654,1,1,0.01
632,631,1,1,0.01
632,633,1,1,0.01
633,611,1,1,0.01
633,655,1,1,0.01
633,632,1,1,0.01
633,634,1,1,0.01
634,612,1,1,0.01
634,656,1,1,0.01
634,633,1,1,0.01
634,635,1,1,0.01
635,613,1,1,0.01
635,657,1,1,0.01
635,634,1,1,0.01
635,636,1,1,0.01
636,614,1,1,0.01
636,658,1,1,0.01
636,635,1,1,0.01
636,637,1,1,0.01
637,615,1,1,0.01
637,659,1,1,0.01
637,636,1,1,0.01
637,616,1,1,0.01
638,616,1,1,0.01
638,660,1,1,0.01
638,659,1,1,0.01
638,639,1,1,0.01
639,617,1,1,0.01
639,661,1,1,0.01
639,638,1,1,0.01
639,640,1,1,0.01
640,618,1,1,0.01
640,662,1,1,0.01
640,639,1,1,0.01
640,641,1,1,0.01
641,619,1,1,0.01
641,663,1,1,0.01
641,640,1,1,0.01
641,642,1,1,0.01
642,620,1,1,0.01
642,664,1,1,0.01
642,641,1,1,0.01
642,643,1,1,0.01
643,621,1,1,0.01
643,665,1,1,0.01
643,642,1,1,0.01
643,644,1,1,0.01
644,622,1,1,0.01
644,666,1,1,0.01
644,643,1,1,0.01
644,645,1,1,0.01
645,623,1,1,0.01
645,667,1,1,0.01
645,644,1,1,0.01
645,646,1,1,0.01
646,624,1,1,0.01
646,668,1,1,0.01
646,645,1,1,0.01
646,647,1,1,0.01
647,625,1,1,0.01
647,669,1,1,0.01
647,646,1,1,0.01
647,648,1,1,0.01
648,626,1,1,0.01
648,670,1,1,0.01
648,647,1,1,0.01
648,649,1,1,0.01
649,627,1,1,0.01
649,671,1,1,0.01
649,648,1,1,0.01
649,650,1,1,0.01
650,628,1,1,0.01
650,672,1,1,0.01
650,649,1,1,0.01
650,651,1,1,0.01
651,629,1,1,0.01
651,673,1,1,0.01
651,650,1,1,0.01
651,652,1,1,0.01
652,630,1,1,0.01
652,674,1,1,0.01
652,651,1,1,0.01
652,653,1,1,0.01
653,631,1,1,0.01
653,675,1,1,0.01
653,652,1,1,0.01
653,654,1,1,0.01
654,632,1,1,0.01
654,676,1,1,0.01
654,653,1,1,0.01
654,655,1,1,0.01
655,633,1,1,0.01
655,677,1,1,0.01
655,654,1,1,0.01
655,656,1,1,0.01
656,634,1,1,0.01
656,678,1,1,0.01
656,655,1,1,0.01
656,657,1,1,0.01
657,635,1,1,0.01
657,679,1,1,0.01
657,656,1,1,0.01
657,658,1,1,0.01
658,636,1,1,0.01
658,680,1,1,0.01
658,657,1,1,0.01
658,659,1,1,0.01
659,637,1,1,0.01
659,681,1,1,0.01
659,658,1,1,0.01
659,638,1,1,0.01
660,638,1,1,0.01
660,682,1,1,0.01
660,681,1,1,0.01
660,661,1,1,0.01
661,639,1,1,0.01
661,683,1,1,0.01
661,660,1,1,0.01
661,662,1,1,0.01
662,640,1,1,0.01
662,684,1,1,0.01
662,661,1,1,0.01
662,663,1,1,0.01
663,641,1,1,0.01
663,685,1,1,0.01
663,662,1,1,0.01
663,664,1,1,0.01
664,642,1,1,0.01
664,686,1,1,0.01
664,663,1,1,0.01
664,665,1,1,0.01
665,643,1,1,0.01
665,687,1,1,0.01
665,664,1,1,0.01
665,666,1,1,0.01
666,644,1,1,0.01
666,688,1,1,0.01
666,665,1,1,0.01
666,667,1,1,0.01
667,645,1,1,0.01
667,689,1,1,0.01
667,666,1,1,0.01
667,668,1,1,0.01
668,646,1,1,0.01
668,690,1,1,0.01
668,667,1,1,0.01
668,669,1,1,0.01
669,647,1,1,0.01
669,691,1,1,0.01
669,668,1,1,0.01
669,670,1,1,0.01
670,648,1,1,0.01
670,692,1,1,0.01
670,669,1,1,0.01
670,671,1,1,0.01
671,649,1,1,0.01
671,693,1,1,0.01
671,670,1,1,0.01
671,672,1,1,0.01
672,650,1,1,0.01
672,694,1,1,0.01
672,671,1,1,0.01
672,673,1,1,0.01
673,651,1,1,0.01
673,695,1,1,0.01
673,672,1,1,0.01
673,674,1,1,0.01
674,652,1,1,0.01
674,696,1,1,0.01
674,673,1,1,0.01
674,675,1,1,0.01
675,653,1,1,0.01
675,697,1,1,0.01
675,674,1,1,0.01
675,676,1,1,0.01
676,654,1,1,0.01
676,698,1,1,0.01
676,675,1,1,0.01
676,677,1,1,0.01
677,655,1,1,0.01
677,699,1,1,0.01
677,676,1,1,0.01
677,678,1,1,0.01
678,656,1,1,0.01
678,700,1,1,0.01
678,677,1,1,0.01
678,679,1,1,0.01
679,657,1,1,0.01
679,701,1,1,0.01
679,678,1,1,0.01
679,680,1,1,0.01
680,658,1,1,0.01
680,702,1,1,0.01
680,679,1,1,0.01
680,681,1,1,0.01
681,659,1,1,0.01
681,703,1,1,0.01
681,680,1,1,0.01
681,660,1,1,0.01
682,660,1,1,0.01
682,704,1,1,0.01
682,703,1,1,0.01
682,683,1,1,0.01
683,661,1,1,0.01
683,705,1,1,0.01
683,682,1,1,0.01
683,684,1,1,0.01
684,662,1,1,0.01
684,706,1,1,0.01
684,683,1,1,0.01
684,685,1,1,0.01
685,663,1,1,0.01
685,707,1,1,0.01
685,684,1,1,0.01
685,686,1,1,0.01
686,664,1,1,0.01
686,708,1,1,0.01
686,685,1,1,0.01
686,687,1,1,0.01
687,665,1,1,0.01
687,709,1,1,0.01
687,686,1,1,0.01
687,688,1,1,0.01
688,666,1,1,0.01
688,710,1,1,0.01
688,687,1,1,0.01
688,689,1,1,0.01
689,667,1,1,0.01
689,711,1,1,0.01
689,688,1,1,0.01
689,690,1,1,0.01
690,668,1,1,0.01
690,712,1,1,0.01
690,689,1,1,0.01
690,691,1,1,0.01
691,669,1,1,0.01
691,713,1,1,0.01
691,690,1,1,0.01
691,692,1,1,0.01
692,670,1,1,0.01
692,714,1,1,0.01
692,691,1,1,0.01
692,693,1,1,0.01
693,671,1,1,0.01
693,715,1,1,0.01
693,692,1,1,0.01
693,694,1,1,0.01
694,672,1,1,0.01
694,716,1,1,0.01
694,693,1,1,0.01
694,695,1,1,0.01
695,673,1,1,0.01
695,717,1,1,0.01
695,694,1,1,0.01
695,696,1,1,0.01
696,674,1,1,0.01
696,718,1,1,0.01
696,695,1,1,0.01
696,697,1,1,0.01
697,675,1,1,0.01
697,719,1,1,0.01
697,696,1,1,0.01
697,698,1,1,0.01
698,676,1,1,0.01
698,720,1,1,0.01
698,697,1,1,0.01
698,699,1,1,0.01
699,677,1,1,0.01
699,721,1,1,0.01
699,698,1,1,0.01
699,700,1,1,0.01
700,678,1,1,0.01
700,722,1,1,0.01
700,699,1,1,0.01
700,701,1,1,0.01
701,679,1,1,0.01
701,723,1,1,0.01
701,700,1,1,0.01
701,702,1,1,0.01
702,680,1,1,0.01
702,724,1,1,0.01
702,701,1,1,0.01
702,703,1,1,0.01
703,681,1,1,0.01
703,725,1,1,0.01
703,702,1,1,0.01
703,682,1,1,0.01
704,682,1,1,0.01
704,726,1,1,0.01
704,725,1,1,0.01
704,705,1,1,0.01
705,683,1,1,0.01
705,727,1,1,0.01
705,704,1,1,0.01
705,706,1,1,0.01
706,684,1,1,0.01
706,728,1,1,0.01
706,705,1,1,0.01
706,707,1,1,0.01
707,685,1,1,0.01
707,729,1,1,0.01
707,706,1,1,0.01
707,708,1,1,0.01
708,686,1,1,0.01
708,730,1,1,0.01
708,707,1,1,0.01
708,709,1,1,0.01
709,687,1,1,0.01
709,731,1,1,0.01
709,708,1,1,0.01
709,710,1,1,0.01
710,688,1,1,0.01
710,732,1,1,0.01
710,709,1,1,0.01
710,711,1,1,0.01
711,689,1,1,0.01
711,733,1,1,0.01
711,710,1,1,0.01
711,712,1,1,0.01
712,690,1,1,0.01
712,734,1,1,0.01
712,711,1,1,0.01
712,713,1,1,0.01
713,691,1,1,0.01
713,735,1,1,0.01
713,712,1,1,0.01
713,714,1,1,0.01
714,692,1,1,0.01
714,736,1,1,0.01
714,713,1,1,0.01
714,715,1,1,0.01
715,693,1,1,0.01
715,737,1,1,0.01
715,714,1,1,0.01
715,716,1,1,0.01
716,694,1,1,0.01
716,738,1,1,0.01
716,715,1,1,0.01
716,717,1,1,0.01
717,695,1,1,0.01
717,739,1,1,0.01
717,716,1,1,0.01
717,718,1,1,0.01
718,696,1,1,0.01
718,740,1,1,0.01
718,717,1,1,0.01
718,719,1,1,0.01
719,697,1,1,0.01
719,741,1,1,0.01
719,718,1,1,0.01
719,720,1,1,0.01
720,698,1,1,0.01
720,742,1,1,0.01
720,719,1,1,0.01
720,721,1,1,0.01
721,699,1,1,0.01
721,743,1,1,0.01
721,720,1,1,0.01
721,722,1,1,0.01
722,700,1,1,0.01
722,744,1,1,0.01
722,721,1,1,0.01
722,723,1,1,0.01
723,701,1,1,0.01
723,745,1,1,0.01
723,722,1,1,0.01
723,724,1,1,0.01
724,702,1,1,0.01
724,746,1,1,0.01
724,723,1,1,0.01
724,725,1,1,0.01
725,703,1,1,0.01
725,747,1,1,0.01
725,724,1,1,0.01
725,704,1,1,0.01
726,704,1,1,0.01
726,748,1,1,0.01
726,747,1,1,0.01
726,727,1,1,0.01
727,705,1,1,0.01
727,749,1,1,0.01
727,726,1,1,0.01
727,728,1,1,0.01
728,706,1,1,0.01
728,750,1,1,0.01
728,727,1,1,0.01
728,729,1,1,0.01
729,707,1,1,0.01
729,751,1,1,0.01
729,728,1,1,0.01
729,730,1,1,0.01
730,708,1,1,0.01
730,752,1,1,0.01
730,729,1,1,0.01
730,731,1,1,0.01
731,709,1,1,0.01
731,753,1,1,0.01
731,730,1,1,0.01
731,732,1,1,0.01
732,710,1,1,0.01
732,754,1,1,0.01
732,731,1,1,0.01
732,733,1,1,0.01
733,711,1,1,0.01
733,755,1,1,0.01
733,732,1,1,0.01
733,734,1,1,0.01
734,712,1,1,0.01
734,756,1,1,0.01
734,733,1,1,0.01
734,735,1,1,0.01
735,713,1,1,0.01
735,757,1,1,0.01
735,734,1,1,0.01
735,736,1,1,0.01
736,714,1,1,0.01
736,758,1,1,0.01
736,735,1,1,0.01
736,737,1,1,0.01
737,715,1,1,0.01
737,759,1,1,0.01
737,736,1,1,0.01
737,738,1,1,0.01
738,716,1,1,0.01
738,760,1,1,0.01
738,737,1,1,0.01
738,739,1,1,0.01
739,717,1,1,0.01
739,761,1,1,0.01
739,738,1,1,0.01
739,740,1,1,0.01
740,718,1,1,0.01
740,762,1,1,0.01
740,739,1,1,0.01
740,741,1,1,0.01
741,719,1,1,0.01
741,763,1,1,0.01
741,740,1,1,0.01
741,742,1,1,0.01
742,720,1,1,0.01
742,764,1,1,0.01
742,741,1,1,0.01
742,743,1,1,0.01
743,721,1,1,0.01
743,765,1,1,0.01
743,742,1,1,0.01
743,744,1,1,0.01
744,722,1,1,0.01
744,766,1,1,0.01
744,743,1,1,0.01
744,745,1,1,0.01
745,723,1,1,0.01
745,767,1,1,0.01
745,744,1,1,0.01
745,746,1,1,0.01
746,724,1,1,0.01
746,768,1,1,0.01
746,745,1,1,0.01
746,747,1,1,0.01
747,725,1,1,0.01
747,769,1,1,0.01
747,746,1,1,0.01
747,726,1,1,0.01
748,726,1,1,0.01
748,770,1,1,0.01
748,769,1,1,0.01
748,749,1,1,0.01
749,727,1,1,0.01
749,771,1,1,0.01
749,748,1,1,0.01
749,750,1,1,0.01
750,728,1,1,0.01
750,772,1,1,0.01
750,749,1,1,0.01
750,751,1,1,0.01
751,729,1,1,0.01
751,773,1,1,0.01
751,750,1,1,0.01
751,752,1,1,0.01
752,730,1,1,0.01
752,774,1,1,0.01
752,751,1,1,0.01
752,753,1,1,0.01
753,731,1,1,0.01
753,775,1,1,0.01
753,752,1,1,0.01
753,754,1,1,0.01
754,732,1,1,0.01
754,776,1,1,0.01
754,753,1,1,0.01
754,755,1,1,0.01
755,733,1,1,0.01
755,777,1,1,0.01
755,754,1,1,0.01
755,756,1,1,0.01
756,734,1,1,0.01
756,778,1,1,0.01
756,755,1,1,0.01
756,757,1,1,0.01
757,735,1,1,0.01
757,779,1,1,0.01
757,756,1,1,0.01
757,758,1,1,0.01
758,736,1,1,0.01
758,780,1,1,0.01
758,757,1,1,0.01
758,759,1,1,0.01
759,737,1,1,0.01
759,781,1,1,0.01
759,758,1,1,0.01
759,760,1,1,0.01
760,738,1,1,0.01
760,782,1,1,0.01
760,759,1,1,0.01
760,761,1,1,0.01
761,739,1,1,0.01
761,783,1,1,0.01
761,760,1,1,0.01
761,762,1,1,0.01
762,740,1,1,0.01
762,784,1,1,0.01
762,761,1,1,0.01
762,763,1,1,0.01
763,741,1,1,0.01
763,785,1,1,0.01
763,762,1,1,0.01
763,764,1,1,0.01
764,742,1,1,0.01
764,786,1,1,0.01
764,763,1,1,0.01
764,765,1,1,0.01
765,743,1,1,0.01
765,787,1,1,0.01
765,764,1,1,0.01
765,766,1,1,0.01
766,744,1,1,0.01
766,788,1,1,0.01
766,765,1,1,0.01
766,767,1,1,0.01
767,745,1,1,0.01
767,789,1,1,0.01
767,766,1,1,0.01
767,768,1,1,0.01
768,746,1,1,0.01
768,790,1,1,0.01
768,767,1,1,0.01
768,769,1,1,0.01
769,747,1,1,0.01
769,791,1,1,0.01
769,768,1,1,0.01
769,748,1,1,0.01
770,748,1,1,0.01
770,792,1,1,0.01
770,791,1,1,0.01
770,771,1,1,0.01
771,749,1,1,0.01
771,793,1,1,0.01
771,770,1,1,0.01
771,772,1,1,0.01
772,750,1,1,0.01
772,794,1,1,0.01
772,771,1,1,0.01
772,773,1,1,0.01
773,751,1,1,0.01
773,795,1,1,0.01
773,772,1,1,0.01
773,774,1,1,0.01
774,752,1,1,0.01
774,796,1,1,0.01
774,773,1,1,0.01
774,775,1,1,0.01
775,753,1,1,0.01
775,797,1,1,0.01
775,774,1,1,0.01
775,776,1,1,0.01
776,754,1,1,0.01
776,798,1,1,0.01
776,775,1,1,0.01
776,777,1,1,0.01
777,755,1,1,0.01
777,799,1,1,0.01
777,776,1,1,0.01
777,778,1,1,0.01
778,756,1,1,0.01
778,800,1,1,0.01
778,777,1,1,0.01
778,779,1,1,0.01
779,757,1,1,0.01
779,801,1,1,0.01
779,778,1,1,0.01
779,780,1,1,0.01
780,758,1,1,0.01
780,802,1,1,0.01
780,779,1,1,0.01
780,781,1,1,0.01
781,759,1,1,0.01
781,803,1,1,0.01
781,780,1,1,0.01
781,782,1,1,0.01
782,760,1,1,0.01
782,804,1,1,0.01
782,781,1,1,0.01
782,783,1,1,0.01
783,761,1,1,0.01
783,805,1,1,0.01
783,782,1,1,0.01
783,784,1,1,0.01
784,762,1,1,0.01
784,806,1,1,0.01
784,783,1,1,0.01
784,785,1,1,0.01
785,763,1,1,0.01
785,807,1,1,0.01
785,784,1,1,0.01
785,786,1,1,0.01
786,764,1,1,0.01
786,808,1,1,0.01
786,785,1,1,0.01
786,787,1,1,0.01
787,765,1,1,0.01
787,809,1,1,0.01
787,786,1,1,0.01
787,788,1,1,0.01
788,766,1,1,0.01
788,810,1,1,0.01
788,787,1,1,0.01
788,789,1,1,0.01
789,767,1,1,0.01
789,811,1,1,0.01
789,788,1,1,0.01
789,790,1,1,0.01
790,768,1,1,0.01
790,812,1,1,0.01
790,789,1,1,0.01
790,791,1,1,0.01
791,769,1,1,0.01
791,813,1,1,0.01
791,790,1,1,0.01
791,770,1,1,0.01
792,770,1,1,0.01
792,814,1,1,0.01
792,813,1,1,0.01
792,793,1,1,0.01
793,771,1,1,0.01
793,815,1,1,0.01
793,792,1,1,0.01
793,794,1,1,0.01
794,772,1,1,0.01
794,816,1,1,0.01
794,793,1,1,0.01
794,795,1,1,0.01
795,773,1,1,0.01
795,817,1,1,0.01
795,794,1,1,0.01
795,796,1,1,0.01
796,774,1,1,0.01
796,818,1,1,0.01
796,795,1,1,0.01
796,797,1,1,0.01
797,775,1,1,0.01
797,819,1,1,0.01
797,796,1,1,0.01
797,798,1,1,0.01
798,776,1,1,0.01
798,820,1,1,0.01
798,797,1,1,0.01
798,799,1,1,0.01
799,777,1,1,0.01
799,821,1,1,0.01
799,798,1,1,0.01
799,800,1,1,0.01
800,778,1,1,0.01
800,822,1,1,0.01
800,799,1,1,0.01
800,801,1,1,0.01
801,779,1,1,0.01
801,823,1,1,0.01
801,800,1,1,0.01
801,802,1,1,0.01
802,780,1,1,0.01
802,824,1,1,0.01
802,801,1,1,0.01
802,803,1,1,0.01
803,781,1,1,0.01
803,825,1,1,0.01
803,802,1,1,0.01
803,804,1,1,0.01
804,782,1,1,0.01
804,826,1,1,0.01
804,803,1,1,0.01
804,805,1,1,0.01
805,783,1,1,0.01
805,827,1,1,0.01
805,804,1,1,0.01
805,806,1,1,0.01
806,784,1,1,0.01
806,828,1,1,0.01
806,805,1,1,0.01
806,807,1,1,0.01
807,785,1,1,0.01
807,829,1,1,0.01
807,806,1,1,0.01
807,808,1,1,0.01
808,786,1,1,0.01
808,830,1,1,0.01
808,807,1,1,0.01
808,809,1,1,0.01
809,787,1,1,0.01
809,831,1,1,0.01
809,808,1,1,0.01
809,810,1,1,0.01
810,788,1,1,0.01
810,832,1,1,0.01
810,809,1,1,0.01
810,811,1,1,0.01
811,789,1,1,0.01
811,833,1,1,0.01
811,810,1,1,0.01
811,812,1,1,0.01
812,790,1,1,0.01
812,834,1,1,0.01
812,811,1,1,0.01
812,813,1,1,0.01
813,791,1,1,0.01
813,835,1,1,0.01
813,812,1,1,0.01
813,792,1,1,0.01
814,792,1,1,0.01
814,836,1,1,0.01
814,835,1,1,0.01
814,815,1,1,0.01
815,793,1,1,0.01
815,837,1,1,0.01
815,814,1,1,0.01
815,816,1,1,0.01
816,794,1,1,0.01
816,838,1,1,0.01
816,815,1,1,0.01
816,817,1,1,0.01
817,795,1,1,0.01
817,839,1,1,0.01
817,816,1,1,0.01
817,818,1,1,0.01
818,796,1,1,0.01
818,840,1,1,0.01
818,817,1,1,0.01
818,819,1,1,0.01
819,797,1,1,0.01
819,841,1,1,0.01
819,818,1,1,0.01
819,820,1,1,0.01
820,798,1,1,0.01
820,842,1,1,0.01
820,819,1,1,0.01
820,821,1,1,0.01
821,799,1,1,0.01
821,843,1,1,0.01
821,820,1,1,0.01
821,822,1,1,0.01
822,800,1,1,0.01
822,844,1,1,0.01
822,821,1,1,0.01
822,823,1,1,0.01
823,801,1,1,0.01
823,845,1,1,0.01
823,822,1,1,0.01
823,824,1,1,0.01
824,802,1,1,0.01
824,846,1,1,0.01
824,823,1,1,0.01
824,825,1,1,0.01
825,803,1,1,0.01
825,847,1,1,0.01
825,824,1,1,0.01
825,826,1,1,0.01
826,804,1,1,0.01
826,848,1,1,0.01
826,825,1,1,0.01
826,827,1,1,0.01
827,805,1,1,0.01
827,849,1,1,0.01
827,826,1,1,0.01
827,828,1,1,0.01
828,806,1,1,0.01
828,850,1,1,0.01
828,827,1,1,0.01
828,829,1,1,0.01
829,807,1,1,0.01
829,851,1,1,0.01
829,828,1,1,0.01
829,830,1,1,0.01
830,808,1,1,0.01
830,852,1,1,0.01
830,829,1,1,0.01
830,831,1,1,0.01
831,809,1,1,0.01
831,853,1,1,0.01
831,830,1,1,0.01
831,832,1,1,0.01
832,810,1,1,0.01
832,854,1,1,0.01
832,831,1,1,0.01
832,833,1,1,0.01
833,811,1,1,0.01
833,855,1,1,0.01
833,832,1,1,0.01
833,834,1,1,0.01
834,812,1,1,0.01
834,856,1,1,0.01
834,833,1,1,0.01
834,835,1,1,0.01
835,813,1,1,0.01
835,857,1,1,0.01
835,834,1,1,0.01
835,814,1,1,0.01
836,814,1,1,0.01
836,858,1,1,0.01
836,857,1,1,0.01
836,837,1,1,0.01
837,815,1,1,0.01
837,859,1,1,0.01
837,836,1,1,0.01
837,838,1,1,0.01
838,816,1,1,0.01
838,860,1,1,0.01
838,837,1,1,0.01
838,839,1,1,0.01
839,817,1,1,0.01
839,861,1,1,0.01
839,838,1,1,0.01
839,840,1,1,0.01
840,818,1,1,0.01
840,862,1,1,0.01
840,839,1,1,0.01
840,841,1,1,0.01
841,819,1,1,0.01
841,863,1,1,0.01
841,840,1,1,0.01
841,842,1,1,0.01
842,820,1,1,0.01
842,864,1,1,0.01
842,841,1,1,0.01
842,843,1,1,0.01
843,821,1,1,0.01
843,865,1,1,0.01
843,842,1,1,0.01
843,844,1,1,0.01
844,822,1,1,0.01
844,866,1,1,0.01
844,843,1,1,0.01
844,845,1,1,0.01
845,823,1,1,0.01
845,867,1,1,0.01
845,844,1,1,0.01
845,846,1,1,0.01
846,824,1,1,0.01
846,868,1,1,0.01
846,845,1,1,0.01
846,847,1,1,0.01
847,825,1,1,0.01
847,869,1,1,0.01
847,846,1,1,0.01
847,848,1,1,0.01
848,826,1,1,0.01
848,870,1,1,0.01
848,847,1,1,0.01
848,849,1,1,0.01
849,827,1,1,0.01
849,871,1,1,0.01
849,848,1,1,0.01
849,850,1,1,0.01
850,828,1,1,0.01
850,872,1,1,0.01
850,849,1,1,0.01
850,851,1,1,0.01
851,829,1,1,0.01
851,873,1,1,0.01
851,850,1,1,0.01
851,852,1,1,0.01
852,830,1,1,0.01
852,874,1,1,0.01
852,851,1,1,0.01
852,853,1,1,0.01
853,831,1,1,0.01
853,875,1,1,0.01
853,852,1,1,0.01
853,854,1,1,0.01
854,832,1,1,0.01
854,876,1,1,0.01
854,853,1,1,0.01
854,855,1,1,0.01
855,833,1,1,0.01
855,877,1,1,0.01
855,854,1,1,0.01
855,856,1,1,0.01
856,834,1,1,0.01
856,878,1,1,0.01
856,855,1,1,0.01
856,857,1,1,0.01
857,835,1,1,0.01
857,879,1,1,0.01
857,856,1,1,0.01
857,836,1,1,0.01
858,836,1,1,0.01
858,880,1,1,0.01
858,879,1,1,0.01
858,859,1,1,0.01
859,837,1,1,0.01
859,881,1,1,0.01
859,858,1,1,0.01
859,860,1,1,0.01
860,838,1,1,0.01
860,882,1,1,0.01
860,859,1,1,0.01
860,861,1,1,0.01
861,839,1,1,0.01
861,883,1,1,0.01
861,860,1,1,0.01
861,862,1,1,0.01
862,840,1,1,0.01
862,884,1,1,0.01
862,861,1,1,0.01
862,863,1,1,0.01
863,841,1,1,0.01
863,885,1,1,0.01
863,862,1,1,0.01
863,864,1,1,0.01
864,842,1,1,0.01
864,886,1,1,0.01
864,863,1,1,0.01
864,865,1,1,0.01
865,843,1,1,0.01
865,887,1,1,0.01
865,864,1,1,0.01
865,866,1,1,0.01
866,844,1,1,0.01
866,888,1,1,0.01
866,865,1,1,0.01
866,867,1,1,0.01
867,845,1,1,0.01
867,889,1,1,0.01
867,866,1,1,0.01
867,868,1,1,0.01
868,846,1,1,0.01
868,890,1,1,0.01
868,867,1,1,0.01
868,869,1,1,0.01
869,847,1,1,0.01
869,891,1,1,0.01
869,868,1,1,0.01
869,870,1,1,0.01
870,848,1,1,0.01
870,892,1,1,0.01
870,869,1,1,0.01
870,871,1,1,0.01
871,849,1,1,0.01
871,893,1,1,0.01
871,870,1,1,0.01
871,872,1,1,0.01
872,850,1,1,0.01
872,894,1,1,0.01
872,871,1,1,0.01
872,873,1,1,0.01
873,851,1,1,0.01
873,895,1,1,0.01
873,872,1,1,0.01
873,874,1,1,0.01
874,852,1,1,0.01
874,896,1,1,0.01
874,873,1,1,0.01
874,875,1,1,0.01
875,853,1,1,0.01
875,897,1,1,0.01
875,874,1,1,0.01
875,876,1,1,0.01
876,854,1,1,0.01
876,898,1,1,0.01
876,875,1,1,0.01
876,877,1,1,0.01
877,855,1,1,0.01
877,899,1,1,0.01
877,876,1,1,0.01
877,878,1,1,0.01
878,856,1,1,0.01
878,900,1,1,0.01
878,877,1,1,0.01
878,879,1,1,0.01
879,857,1,1,0.01
879,901,1,1,0.01
879,878,1,1,0.01
879,858,1,1,0.01
880,858,1,1,0.01
880,902,1,1,0.01
880,901,1,1,0.01
880,881,1,1,0.01
881,859,1,1,0.01
881,903,1,1,0.01
881,880,1,1,0.01
881,882,1,1,0.01
882,860,1,1,0.01
882,904,1,1,0.01
882,881,1,1,0.01
882,883,1,1,0.01
883,861,1,1,0.01
883,905,1,1,0.01
883,882,1,1,0.01
883,884,1,1,0.01
884,862,1,1,0.01
884,906,1,1,0.01
884,883,1,1,0.01
884,885,1,1,0.01
885,863,1,1,0.01
885,907,1,1,0.01
885,884,1,1,0.01
885,886,1,1,0.01
886,864,1,1,0.01
886,908,1,1,0.01
886,885,1,1,0.01
886,887,1,1,0.01
887,865,1,1,0.01
887,909,1,1,0.01
887,886,1,1,0.01
887,888,1,1,0.01
888,866,1,1,0.01
888,910,1,1,0.01
888,887,1,1,0.01
888,889,1,1,0.01
889,867,1,1,0.01
889,911,1,1,0.01
889,888,1,1,0.01
889,890,1,1,0.01
890,868,1,1,0.01
890,912,1,1,0.01
890,889,1,1,0.01
890,891,1,1,0.01
891,869,1,1,0.01
891,913,1,1,0.01
891,890,1,1,0.01
891,892,1,1,0.01
892,870,1,1,0.01
892,914,1,1,0.01
892,891,1,1,0.01
892,893,1,1,0.01
893,871,1,1,0.01
893,915,1,1,0.01
893,892,1,1,0.01
893,894,1,1,0.01
894,872,1,1,0.01
894,916,1,1,0.01
894,893,1,1,0.01
894,895,1,1,0.01
895,873,1,1,0.01
895,917,1,1,0.01
895,894,1,1,0.01
895,896,1,1,0.01
896,874,1,1,0.01
896,918,1,1,0.01
896,895,1,1,0.01
896,897,1,1,0.01
897,875,1,1,0.01
897,919,1,1,0.01
897,896,1,1,0.01
897,898,1,1,0.01
898,876,1,1,0.01
898,920,1,1,0.01
898,897,1,1,0.01
898,899,1,1,0.01
899,877,1,1,0.01
899,921,1,1,0.01
899,898,1,1,0.01
899,900,1,1,0.01
900,878,1,1,0.01
900,922,1,1,0.01
900,899,1,1,0.01
900,901,1,1,0.01
901,879,1,1,0.01
901,923,1,1,0.01
901,900,1,1,0.01
901,880,1,1,0.01
902,880,1,1,0.01
902,924,1,1,0.01
902,923,1,1,0.01
902,903,1,1,0.01
903,881,1,1,0.01
903,925,1,1,0.01
903,902,1,1,0.01
903,904,1,1,0.01
904,882,1,1,0.01
904,926,1,1,0.01
904,903,1,1,0.01
904,905,1,1,0.01
905,883,1,1,0.01
905,927,1,1,0.01
905,904,1,1,0.01
905,906,1,1,0.01
906,884,1,1,0.01
906,928,1,1,0.01
906,905,1,1,0.01
906,907,1,1,0.01
907,885,1,1,0.01
907,929,1,1,0.01
907,906,1,1,0.01
907,908,1,1,0.01
908,886,1,1,0.01
908,930,1,1,0.01
908,907,1,1,0.01
908,909,1,1,0.01
909,887,1,1,0.01
909,931,1,1,0.01
909,908,1,1,0.01
909,910,1,1,0.01
910,888,1,1,0.01
910,932,1,1,0.01
910,909,1,1,0.01
910,911,1,1,0.01
911,889,1,1,0.01
911,933,1,1,0.01
911,910,1,1,0.01
911,912,1,1,0.01
912,890,1,1,0.01
912,934,1,1,0.01
912,911,1,1,0.01
912,913,1,1,0.01
913,891,1,1,0.01
913,935,1,1,0.01
913,912,1,1,0.01
913,914,1,1,0.01
914,892,1,1,0.01
914,936,1,1,0.01
914,913,1,1,0.01
914,915,1,1,0.01
915,893,1,1,0.01
915,937,1,1,0.01
915,914,1,1,0.01
915,916,1,1,0.01
916,894,1,1,0.01
916,938,1,1,0.01
916,915,1,1,0.01
916,917,1,1,0.01
917,895,1,1,0.01
917,939,1,1,0.01
917,916,1,1,0.01
917,918,1,1,0.01
918,896,1,1,0.01
918,940,1,1,0.01
918,917,1,1,0.01
918,919,1,1,0.01
919,897,1,1,0.01
919,941,1,1,0.01
919,918,1,1,0.01
919,920,1,1,0.01
920,898,1,1,0.01
920,942,1,1,0.01
920,919,1,1,0.01
920,921,1,1,0.01
921,899,1,1,0.01
921,943,1,1,0.01
921,920,1,1,0.01
921,922,1,1,0.01
922,900,1,1,0.01
922,944,1,1,0.01
922,921,1,1,0.01
922,923,1,1,0.01
923,901,1,1,0.01
923,945,1,1,0.01
923,922,1,1,0.01
923,902,1,1,0.01
924,902,1,1,0.01
924,946,1,1,0.01
924,945,1,1,0.01
924,925,1,1,0.01
925,903,1,1,0.01
925,947,1,1,0.01
925,924,1,1,0.01
925,926,1,1,0.01
926,904,1,1,0.01
926,948,1,1,0.01
926,925,1,1,0.01
926,927,1,1,0.01
927,905,1,1,0.01
927,949,1,1,0.01
927,926,1,1,0.01
927,928,1,1,0.01
928,906,1,1,0.01
928,950,1,1,0.01
928,927,1,1,0.01
928,929,1,1,0.01
929,907,1,1,0.01
929,951,1,1,0.01
929,928,1,1,0.01
929,930,1,1,0.01
930,908,1,1,0.01
930,952,1,1,0.01
930,929,1,1,0.01
930,931,1,1,0.01
931,909,1,1,0.01
931,953,1,1,0.01
931,930,1,1,0.01
931,932,1,1,0.01
932,910,1,1,0.01
932,954,1,1,0.01
932,931,1,1,0.01
932,933,1,1,0.01
933,911,1,1,0.01
933,955,1,1,0.01
933,932,1,1,0.01
933,934,1,1,0.01
934,912,1,1,0.01
934,956,1,1,0.01
934,933,1,1,0.01
934,935,1,1,0.01
935,913,1,1,0.01
935,957,1,1,0.01
935,934,1,1,0.01
935,936,1,1,0.01
936,914,1,1,0.01
936,958,1,1,0.01
936,935,1,1,0.01
936,937,1,1,0.01
937,915,1,1,0.01
937,959,1,1,0.01
937,936,1,1,0.01
937,938,1,1,0.01
938,916,1,1,0.01
938,960,1,1,0.01
938,937,1,1,0.01
938,939,1,1,0.01
939,917,1,1,0.01
939,961,1,1,0.01
939,938,1,1,0.01
939,940,1,1,0.01
940,918,1,1,0.01
940,962,1,1,0.01
940,939,1,1,0.01
940,941,1,1,0.01
941,919,1,1,0.01
941,963,1,1,0.01
941,940,1,1,0.01
941,942,1,1,0.01
942,920,1,1,0.01
942,964,1,1,0.01
942,941,1,1,0.01
942,943,1,1,0.01
943,921,1,1,0.01
943,965,1,1,0.01
943,942,1,1,0.01
943,944,1,1,0.01
944,922,1,1,0.01
944,966,1,1,0.01
944,943,1,1,0.01
944,945,1,1,0.01
945,923,1,1,0.01
945,967,1,1,0.01
945,944,1,1,0.01
945,924,1,1,0.01
946,924,1,1,0.01
946,968,1,1,0.01
946,967,1,1,0.01
946,947,1,1,0.01
947,925,1,1,0.01
947,969,1,1,0.01
947,946,1,1,0.01
947,948,1,1,0.01
948,926,1,1,0.01
948,970,1,1,0.01
948,947,1,1,0.01
948,949,1,1,0.01
949,927,1,1,0.01
949,971,1,1,0.01
949,948,1,1,0.01
949,950,1,1,0.01
950,928,1,1,0.01
950,972,1,1,0.01
950,949,1,1,0.01
950,951,1,1,0.01
951,929,1,1,0.01
951,973,1,1,0.01
951,950,1,1,0.01
951,952,1,1,0.01
952,930,1,1,0.01
952,974,1,1,0.01
952,951,1,1,0.01
952,953,1,1,0.01
953,931,1,1,0.01
953,975,1,1,0.01
953,952,1,1,0.01
953,954,1,1,0.01
954,932,1,1,0.01
954,976,1,1,0.01
954,953,1,1,0.01
954,955,1,1,0.01
955,933,1,1,0.01
955,977,1,1,0.01
955,954,1,1,0.01
955,956,1,1,0.01
956,934,1,1,0.01
956,978,1,1,0.01
956,955,1,1,0.01
956,957,1,1,0.01
957,935,1,1,0.01
957,979,1,1,0.01
957,956,1,1,0.01
957,958,1,1,0.01
958,936,1,1,0.01
958,980,1,1,0.01
958,957,1,1,0.01
958,959,1,1,0.01
959,937,1,1,0.01
959,981,1,1,0.01
959,958,1,1,0.01
959,960,1,1,0.01
960,938,1,1,0.01
960,982,1,1,0.01
960,959,1,1,0.01
960,961,1,1,0.01
961,939,1,1,0.01
961,983,1,1,0.01
961,960,1,1,0.01
961,962,1,1,0.01
962,940,1,1,0.01
962,984,1,1,0.01
962,961,1,1,0.01
962,963,1,1,0.01
963,941,1,1,0.01
963,985,1,1,0.01
963,962,1,1,0.01
963,964,1,1,0.01
964,942,1,1,0.01
964,986,1,1,0.01
964,963,1,1,0.01
964,965,1,1,0.01
965,943,1,1,0.01
965,987,1,1,0.01
965,964,1,1,0.01
965,966,1,1,0.01
966,944,1,1,0.01
966,988,1,1,0.01
966,965,1,1,0.01
966,967,1,1,0.01
967,945,1,1,0.01
967,989,1,1,0.01
967,966,1,1,0.01
967,946,1,1,0.01
968,946,1,1,0.01
968,990,1,1,0.01
968,989,1,1,0.01
968,969,1,1,0.01
969,947,1,1,0.01
969,991,1,1,0.01
969,968,1,1,0.01
969,970,1,1,0.01
970,948,1,1,0.01
970,992,1,1,0.01
970,969,1,1,0.01
970,971,1,1,0.01
971,949,1,1,0.01
971,993,1,1,0.01
971,970,1,1,0.01
971,972,1,1,0.01
972,950,1,1,0.01
972,994,1,1,0.01
972,971,1,1,0.01
972,973,1,1,0.01
973,951,1,1,0.01
973,995,1,1,0.01
973,972,1,1,0.01
973,974,1,1,0.01
974,952,1,1,0.01
974,996,1,1,0.01
974,973,1,1,0.01
974,975,1,1,0.01
975,953,1,1,0.01
975,997,1,1,0.01
975,974,1,1,0.01
975,976,1,1,0.01
976,954,1,1,0.01
976,998,1,1,0.01
976,975,1,1,0.01
976,977,1,1,0.01
977,955,1,1,0.01
977,999,1,1,0.01
977,976,1,1,0.01
977,978,1,1,0.01
978,956,1,1,0.01
978,1000,1,1,0.01
978,977,1,1,0.01
978,979,1,1,0.01
979,957,1,1,0.01
979,1001,1,1,0.01
979,978,1,1,0.01
979,980,1,1,0.01
980,958,1,1,0.01
980,1002,1,1,0.01
980,979,1,1,0.01
980,981,1,1,0.01
981,959,1,1,0.01
981,1003,1,1,0.01
981,980,1,1,0.01
981,982,1,1,0.01
982,960,1,1,0.01
982,1004,1,1,0.01
982,981,1,1,0.01
982,983,1,1,0.01
983,961,1,1,0.01
983,1005,1,1,0.01
983,982,1,1,0.01
983,984,1,1,0.01
984,962,1,1,0.01
984,1006,1,1,0.01
984,983,1,1,0.01
984,985,1,1,0.01
985,963,1,1,0.01
985,1007,1,1,0.01
985,984,1,1,0.01
985,986,1,1,0.01
986,964,1,1,0.01
986,1008,1,1,0.01
986,985,1,1,0.01
986,987,1,1,0.01
987,965,1,1,0.01
987,1009,1,1,0.01
987,986,1,1,0.01
987,988,1,1,0.01
988,966,1,1,0.01
988,1010,1,1,0.01
988,987,1,1,0.01
988,989,1,1,0.01
989,967,1,1,0.01
989,1011,1,1,0.01
989,988,1,1,0.01
989,968,1,1,0.01
990,968,1,1,0.01
990,1012,1,1,0.01
990,1011,1,1,0.01
990,991,1,1,0.01
991,969,1,1,0.01
991,1013,1,1,0.01
991,990,1,1,0.01
991,992,1,1,0.01
992,970,1,1,0.01
992,1014,1,1,0.01
992,991,1,1,0.01
992,993,1,1,0.01
993,971,1,1,0.01
993,1015,1,1,0.01
993,992,1,1,0.01
993,994,1,1,0.01
994,972,1,1,0.01
994,1016,1,1,0.01
994,993,1,1,0.01
994,995,1,1,0.01
995,973,1,1,0.01
995,1017,1,1,0.01
995,994,1,1,0.01
995,996,1,1,0.01
996,974,1,1,0.01
996,1018,1,1,0.01
996,995,1,1,0.01
996,997,1,1,0.01
997,975,1,1,0.01
997,1019,1,1,0.01
997,996,1,1,0.01
997,998,1,1,0.01
998,976,1,1,0.01
998,1020,1,1,0.01
998,997,1,1,0.01
998,999,1,1,0.01
999,977,1,1,0.01
999,1021,1,1,0.01
999,998,1,1,0.01
999,1000,1,1,0.01
1000,978,1,1,0.01
1000,1022,1,1,0.01
1000,999,1,1,0.01
1000,1001,1,1,0.01
1001,979,1,1,0.01
1001,1023,1,1,0.01
1001,1000,1,1,0.01
1001,1002,1,1,0.01
1002,980,1,1,0.01
1002,1024,1,1,0.01
1002,1001,1,1,0.01
1002,1003,1,1,0.01
1003,981,1,1,0.01
1003,1025,1,1,0.01
1003,1002,1,1,0.01
1003,1004,1,1,0.01
1004,982,1,1,0.01
1004,1026,1,1,0.01
1004,1003,1,1,0.01
1004,1005,1,1,0.01
1005,983,1,1,0.01
1005,1027,1,1,0.01
1005,1004,1,1,0.01
1005,1006,1,1,0.01
1006,984,1,1,0.01
1006,1028,1,1,0.01
1006,1005,1,1,0.01
1006,1007,1,1,0.01
1007,985,1,1,0.01
1007,1029,1,1,0.01
1007,1006,1,1,0.01
1007,1008,1,1,0.01
1008,986,1,1,0.01
1008,1030,1,1,0.01
1008,1007,1,1,0.01
1008,1009,1,1,0.01
1009,987,1,1,0.01
1009,1031,1,1,0.01
1009,1008,1,1,0.01
1009,1010,1,1,0.01
1010,988,1,1,0.01
1010,1032,1,1,0.01
1010,1009,1,1,0.01
1010,1011,1,1,0.01
1011,989,1,1,0.01
1011,1033,1,1,0.01
1011,1010,1,1,0.01
1011,990,1,1,0.01
1012,990,1,1,0.01
1012,1034,1,1,0.01
1012,1033,1,1,0.01
1012,1013,1,1,0.01
1013,991,1,1,0.01
1013,1035,1,1,0.01
1013,1012,1,1,0.01
1013,1014,1,1,0.01
1014,992,1,1,0.01
1014,1036,1,1,0.01
1014,1013,1,1,0.01
1014,1015,1,1,0.01
1015,993,1,1,0.01
1015,1037,1,1,0.01
1015,1014,1,1,0.01
1015,1016,1,1,0.01
1016,994,1,1,0.01
1016,1038,1,1,0.01
1016,1015,1,1,0.01
1016,1017,1,1,0.01
1017,995,1,1,0.01
1017,1039,1,1,0.01
1017,1016,1,1,0.01
1017,1018,1,1,0.01
1018,996,1,1,0.01
1018,1040,1,1,0.01
1018,1017,1,1,0.01
1018,1019,1,1,0.01
1019,997,1,1,0.01
1019,1041,1,1,0.01
1019,1018,1,1,0.01
1019,1020,1,1,0.01
1020,998,1,1,0.01
1020,1042,1,1,0.01
1020,1019,1,1,0.01
1020,1021,1,1,0.01
1021,999,1,1,0.01
1021,1043,1,1,0.01
1021,1020,1,1,0.01
1021,1022,1,1,0.01
1022,1000,1,1,0.01
1022,1044,1,1,0.01
1022,1021,1,1,0.01
1022,1023,1,1,0.01
1023,1001,1,1,0.01
1023,1045,1,1,0.01
1023,1022,1,1,0.01
1023,1024,1,1,0.01
1024,1002,1,1,0.01
1024,1046,1,1,0.01
1024,1023,1,1,0.01
1024,1025,1,1,0.01
1025,1003,1,1,0.01
1025,1047,1,1,0.01
1025,1024,1,1,0.01
1025,1026,1,1,0.01
1026,1004,1,1,0.01
1026,1048,1,1,0.01
1026,1025,1,1,0.01
1026,1027,1,1,0.01
1027,1005,1,1,0.01
1027,1049,1,1,0.01
1027,1026,1,1,0.01
1027,1028,1,1,0.01
1028,1006,1,1,0.01
1028,1050,1,1,0.01
1028,1027,1,1,0.01
1028,1029,1,1,0.01
1029,1007,1,1,0.01
1029,1051,1,1,0.01
1029,1028,1,1,0.01
1029,1030,1,1,0.01
1030,1008,1,1,0.01
1030,1052,1,1,0.01
1030,1029,1,1,0.01
1030,1031,1,1,0.01
1031,1009,1,1,0.01
1031,1053,1,1,0.01
1031,1030,1,1,0.01
1031,1032,1,1,0.01
1032,1010,1,1,0.01
1032,1054,1,1,0.01
1032,1031,1,1,0.01
1032,1033,1,1,0.01
1033,1011,1,1,0.01
1033,1055,1,1,0.01
1033,1032,1,1,0.01
1033,1012,1,1,0.01
1034,1012,1,1,0.01
1034,1056,1,1,0.01
1034,1055,1,1,0.01
1034,1035,1,1,0.01
1035,1013,1,1,0.01
1035,1057,1,1,0.01
1035,1034,1,1,0.01
1035,1036,1,1,0.01
1036,1014,1,1,0.01
1036,1058,1,1,0.01
1036,1035,1,1,0.01
1036,1037,1,1,0.01
1037,1015,1,1,0.01
1037,1059,1,1,0.01
1037,1036,1,1,0.01
1037,1038,1,1,0.01
1038,1016,1,1,0.01
1038,1060,1,1,0.01
1038,1037,1,1,0.01
1038,1039,1,1,0.01
1039,1017,1,1,0.01
1039,1061,1,1,0.01
1039,1038,1,1,0.01
1039,1040,1,1,0.01
1040,1018,1,1,0.01
1040,1062,1,1,0.01
1040,1039,1,1,0.01
1040,1041,1,1,0.01
1041,1019,1,1,0.01
1041,1063,1,1,0.01
1041,1040,1,1,0.01
1041,1042,1,1,0.01
1042,1020,1,1,0.01
1042,1064,1,1,0.01
1042,1041,1,1,0.01
1042,1043,1,1,0.01
1043,1021,1,1,0.01
1043,1065,1,1,0.01
1043,1042,1,1,0.01
1043,1044,1,1,0.01
1044,1022,1,1,0.01
1044,1066,1,1,0.01
1044,1043,1,1,0.01
1044,1045,1,1,0.01
1045,1023,1,1,0.01
1045,1067,1,1,0.01
1045,1044,1,1,0.01
1045,1046,1,1,0.01
1046,1024,1,1,0.01
1046,1068,1,1,0.01
1046,1045,1,1,0.01
1046,1047,1,1,0.01
1047,1025,1,1,0.01
1047,1069,1,1,0.01
1047,1046,1,1,0.01
1047,1048,1,1,0.01
1048,1026,1,1,0.01
1048,1070,1,1,0.01
1048,1047,1,1,0.01
1048,1049,1,1,0.01
1049,1027,1,1,0.01
1049,1071,1,1,0.01
1049,1048,1,1,0.01
1049,1050,1,1,0.01
1050,1028,1,1,0.01
1050,1072,1,1,0.01
1050,1049,1,1,0.01
1050,1051,1,1,0.01
1051,1029,1,1,0.01
1051,1073,1,1,0.01
1051,1050,1,1,0.01
1051,1052,1,1,0.01
1052,1030,1,1,0.01
1052,1074,1,1,0.01
1052,1051,1,1,0.01
1052,1053,1,1,0.01
1053,1031,1,1,0.01
1053,1075,1,1,0.01
1053,1052,1,1,0.01
1053,1054,1,1,0.01
1054,1032,1,1,0.01
1054,1076,1,1,0.01
1054,1053,1,1,0.01
1054,1055,1,1,0.01
1055,1033,1,1,0.01
1055,1077,1,1,0.01
1055,1054,1,1,0.01
1055,1034,1,1,0.01
1056,1034,1,1,0.01
1056,1078,1,1,0.01
1056,1077,1,1,0.01
1056,1057,1,1,0.01
1057,1035,1,1,0.01
1057,1079,1,1,0.01
1057,1056,1,1,0.01
1057,1058,1,1,0.01
1058,1036,1,1,0.01
1058,1080,1,1,0.01
1058,1057,1,1,0.01
1058,1059,1,1,0.01
1059,1037,1,1,0.01
1059,1081,1,1,0.01
1059,1058,1,1,0.01
1059,1060,1,1,0.01
1060,1038,1,1,0.01
1060,1082,1,1,0.01
1060,1059,1,1,0.01
1060,1061,1,1,0.01
1061,1039,1,1,0.01
1061,1083,1,1,0.01
1061,1060,1,1,0.01
1061,1062,1,1,0.01
1062,1040,1,1,0.01
1062,1084,1,1,0.01
1062,1061,1,1,0.01
1062,1063,1,1,0.01
1063,1041,1,1,0.01
1063,1085,1,1,0.01
1063,1062,1,1,0.01
1063,1064,1,1,0.01
1064,1042,1,1,0.01
1064,1086,1,1,0.01
1064,1063,1,1,0.01
1064,1065,1,1,0.01
1065,1043,1,1,0.01
1065,1087,1,1,0.01
1065,1064,1,1,0.01
1065,1066,1,1,0.01
1066,1044,1,1,0.01
1066,1088,1,1,0.01
1066,1065,1,1,0.01
1066,1067,1,1,0.01
1067,1045,1,1,0.01
1067,1089,1,1,0.01
1067,1066,1,1,0.01
1067,1068,1,1,0.01
1068,1046,1,1,0.01
1068,1090,1,1,0.01
1068,1067,1,1,0.01
1068,1069,1,1,0.01
1069,1047,1,1,0.01
1069,1091,1,1,0.01
1069,1068,1,1,0.01
1069,1070,1,1,0.01
1070,1048,1,1,0.01
1070,1092,1,1,0.01
1070,1069,1,1,0.01
1070,1071,1,1,0.01
1071,1049,1,1,0.01
1071,1093,1,1,0.01
1071,1070,1,1,0.01
1071,1072,1,1,0.01
1072,1050,1,1,0.01
1072,1094,1,1,0.01
1072,1071,1,1,0.01
1072,1073,1,1,0.01
1073,1051,1,1,0.01
1073,1095,1,1,0.01
1073,1072,1,1,0.01
1073,1074,1,1,0.01
1074,1052,1,1,0.01
1074,1096,1,1,0.01
1074,1073,1,1,0.01
1074,1075,1,1,0.01
1075,1053,1,1,0.01
1075,1097,1,1,0.01
1075,1074,1,1,0.01
1075,1076,1,1,0.01
1076,1054,1,1,0.01
1076,1098,1,1,0.01
1076,1075,1,1,0.01
1076,1077,1,1,0.01
1077,1055,1,1,0.01
1077,1099,1,1,0.01
1077,1076,1,1,0.01
1077,1056,1,1,0.01
1078,1056,1,1,0.01
1078,1100,1,1,0.01
1078,1099,1,1,0.01
1078,1079,1,1,0.01
1079,1057,1,1,0.01
1079,1101,1,1,0.01
1079,1078,1,1,0.01
1079,1080,1,1,0.01
1080,1058,1,1,0.01
1080,1102,1,1,0.01
1080,1079,1,1,0.01
1080,1081,1,1,0.01
1081,1059,1,1,0.01
1081,1103,1,1,0.01
1081,1080,1,1,0.01
1081,1082,1,1,0.01
1082,1060,1,1,0.01
1082,1104,1,1,0.01
1082,1081,1,1,0.01
1082,1083,1,1,0.01
1083,1061,1,1,0.01
1083,1105,1,1,0.01
1083,1082,1,1,0.01
1083,1084,1,1,0.01
1084,1062,1,1,0.01
1084,1106,1,1,0.01
1084,1083,1,1,0.01
1084,1085,1,1,0.01
1085,1063,1,1,0.01
1085,1107,1,1,0.01
1085,1084,1,1,0.01
1085,1086,1,1,0.01
1086,1064,1,1,0.01
1086,1108,1,1,0.01
1086,1085,1,1,0.01
1086,1087,1,1,0.01
1087,1065,1,1,0.01
1087,1109,1,1,0.01
1087,1086,1,1,0.01
1087,1088,1,1,0.01
1088,1066,1,1,0.01
1088,1110,1,1,0.01
1088,1087,1,1,0.01
1088,1089,1,1,0.01
1089,1067,1,1,0.01
1089,1111,1,1,0.01
1089,1088,1,1,0.01
1089,1090,1,1,0.01
1090,1068,1,1,0.01
1090,1112,1,1,0.01
1090,1089,1,1,0.01
1090,1091,1,1,0.01
1091,1069,1,1,0.01
1091,1113,1,1,0.01
1091,1090,1,1,0.01
1091,1092,1,1,0.01
1092,1070,1,1,0.01
1092,1114,1,1,0.01
1092,1091,1,1,0.01
1092,1093,1,1,0.01
1093,1071,1,1,0.01
1093,1115,1,1,0.01
1093,1092,1,1,0.01
1093,1094,1,1,0.01
1094,1072,1,1,0.01
1094,1116,1,1,0.01
1094,1093,1,1,0.01
1094,1095,1,1,0.01
1095,1073,1,1,0.01
1095,1117,1,1,0.01
1095,1094,1,1,0.01
1095,1096,1,1,0.01
1096,1074,1,1,0.01
1096,1118,1,1,0.01
1096,1095,1,1,0.01
1096,1097,1,1,0.01
1097,1075,1,1,0.01
1097,1119,1,1,0.01
1097,1096,1,1,0.01
1097,1098,1,1,0.01
1098,1076,1,1,0.01
1098,1120,1,1,0.01
1098,1097,1,1,0.01
1098,1099,1,1,0.01
1099,1077,1,1,0.01
1099,1121,1,1,0.01
1099,1098,1,1,0.01
1099,1078,1,1,0.01
1100,1078,1,1,0.01
1100,1122,1,1,0.01
1100,1121,1,1,0.01
1100,1101,1,1,0.01
1101,1079,1,1,0.01
1101,1123,1,1,0.01
1101,1100,1,1,0.01
1101,1102,1,1,0.01
1102,1080,1,1,0.01
1102,1124,1,1,0.01
1102,1101,1,1,0.01
1102,1103,1,1,0.01
1103,1081,1,1,0.01
1103,1125,1,1,0.01
1103,1102,1,1,0.01
1103,1104,1,1,0.01
1104,1082,1,1,0.01
1104,1126,1,1,0.01
1104,1103,1,1,0.01
1104,1105,1,1,0.01
1105,1083,1,1,0.01
1105,1127,1,1,0.01
1105,1104,1,1,0.01
1105,1106,1,1,0.01
1106,1084,1,1,0.01
1106,1128,1,1,0.01
1106,1105,1,1,0.01
1106,1107,1,1,0.01
1107,1085,1,1,0.01
1107,1129,1,1,0.01
1107,1106,1,1,0.01
1107,1108,1,1,0.01
1108,1086,1,1,0.01
1108,1130,1,1,0.01
1108,1107,1,1,0.01
1108,1109,1,1,0.01
1109,1087,1,1,0.01
1109,1131,1,1,0.01
1109,1108,1,1,0.01
1109,1110,1,1,0.01
1110,1088,1,1,0.01
1110,1132,1,1,0.01
1110,1109,1,1,0.01
1110,1111,1,1,0.01
1111,1089,1,1,0.01
1111,1133,1,1,0.01
1111,1110,1,1,0.01
1111,1112,1,1,0.01
1112,1090,1,1,0.01
1112,1134,1,1,0.01
1112,1111,1,1,0.01
1112,1113,1,1,0.01
1113,1091,1,1,0.01
1113,1135,1,1,0.01
1113,1112,1,1,0.01
1113,1114,1,1,0.01
1114,1092,1,1,0.01
1114,1136,1,1,0.01
1114,1113,1,1,0.01
1114,1115,1,1,0.01
1115,1093,1,1,0.01
1115,1137,1,1,0.01
1115,1114,1,1,0.01
1115,1116,1,1,0.01
1116,1094,1,1,0.01
1116,1138,1,1,0.01
1116,1115,1,1,0.01
1116,1117,1,1,0.01
1117,1095,1,1,0.01
1117,1139,1,1,0.01
1117,1116,1,1,0.01
1117,1118,1,1,0.01
1118,1096,1,1,0.01
1118,1140,1,1,0.01
1118,1117,1,1,0.01
1118,1119,1,1,0.01
1119,1097,1,1,0.01
1119,1141,1,1,0.01
1119,1118,1,1,0.01
1119,1120,1,1,0.01
1120,1098,1,1,0.01
1120,1142,1,1,0.01
1120,1119,1,1,0.01
1120,1121,1,1,0.01
1121,1099,1,1,0.01
1121,1143,1,1,0.01
1121,1120,1,1,0.01
1121,1100,1,1,0.01
1122,1100,1,1,0.01
1122,1144,1,1,0.01
1122,1143,1,1,0.01
1122,1123,1,1,0.01
1123,1101,1,1,0.01
1123,1145,1,1,0.01
1123,1122,1,1,0.01
1123,1124,1,1,0.01
1124,1102,1,1,0.01
1124,1146,1,1,0.01
1124,1123,1,1,0.01
1124,1125,1,1,0.01
1125,1103,1,1,0.01
1125,1147,1,1,0.01
1125,1124,1,1,0.01
1125,1126,1,1,0.01
1126,1104,1,1,0.01
1126,1148,1,1,0.01
1126,1125,1,1,0.01
1126,1127,1,1,0.01
1127,1105,1,1,0.01
1127,1149,1,1,0.01
1127,1126,1,1,0.01
1127,1128,1,1,0.01
1128,1106,1,1,0.01
1128,1150,1,1,0.01
1128,1127,1,1,0.01
1128,1129,1,1,0.01
1129,1107,1,1,0.01
1129,1151,1,1,0.01
1129,1128,1,1,0.01
1129,1130,1,1,0.01
1130,1108,1,1,0.01
1130,1152,1,1,0.01
1130,1129,1,1,0.01
1130,1131,1,1,0.01
1131,1109,1,1,0.01
1131,1153,1,1,0.01
1131,1130,1,1,0.01
1131,1132,1,1,0.01
1132,1110,1,1,0.01
1132,1154,1,1,0.01
1132,1131,1,1,0.01
1132,1133,1,1,0.01
1133,1111,1,1,0.01
1133,1155,1,1,0.01
1133,1132,1,1,0.01
1133,1134,1,1,0.01
1134,1112,1,1,0.01
1134,1156,1,1,0.01
1134,1133,1,1,0.01
1134,1135,1,1,0.01
1135,1113,1,1,0.01
1135,1157,1,1,0.01
1135,1134,1,1,0.01
1135,1136,1,1,0.01
1136,1114,1,1,0.01
1136,1158,1,1,0.01
1136,1135,1,1,0.01
1136,1137,1,1,0.01
1137,1115,1,1,0.01
1137,1159,1,1,0.01
1137,1136,1,1,0.01
1137,1138,1,1,0.01
1138,1116,1,1,0.01
1138,1160,1,1,0.01
1138,1137,1,1,0.01
1138,1139,1,1,0.01
1139,1117,1,1,0.01
1139,1161,1,1,0.01
1139,1138,1,1,0.01
1139,1140,1,1,0.01
1140,1118,1,1,0.01
1140,1162,1,1,0.01
1140,1139,1,1,0.01
1140,1141,1,1,0.01
1141,1119,1,1,0.01
1141,1163,1,1,0.01
1141,1140,1,1,0.01
1141,1142,1,1,0.01
1142,1120,1,1,0.01
1142,1164,1,1,0.01
1142,1141,1,1,0.01
1142,1143,1,1,0.01
1143,1121,1,1,0.01
1143,1165,1,1,0.01
1143,1142,1,1,0.01
1143,1122,1,1,0.01
1144,1122,1,1,0.01
1144,1166,1,1,0.01
1144,1165,1,1,0.01
1144,1145,1,1,0.01
1145,1123,1,1,0.01
1145,1167,1,1,0.01
1145,1144,1,1,0.01
1145,1146,1,1,0.01
1146,1124,1,1,0.01
1146,1168,1,1,0.01
1146,1145,1,1,0.01
1146,1147,1,1,0.01
1147,1125,1,1,0.01
1147,1169,1,1,0.01
1147,1146,1,1,0.01
1147,1148,1,1,0.01
1148,1126,1,1,0.01
1148,1170,1,1,0.01
1148,1147,1,1,0.01
1148,1149,1,1,0.01
1149,1127,1,1,0.01
1149,1171,1,1,0.01
1149,1148,1,1,0.01
1149,1150,1,1,0.01
1150,1128,1,1,0.01
1150,1172,1,1,0.01
1150,1149,1,1,0.01
1150,1151,1,1,0.01
1151,1129,1,1,0.01
1151,1173,1,1,0.01
1151,1150,1,1,0.01
1151,1152,1,1,0.01
1152,1130,1,1,0.01
1152,1174,1,1,0.01
1152,1151,1,1,0.01
1152,1153,1,1,0.01
1153,1131,1,1,0.01
1153,1175,1,1,0.01
1153,1152,1,1,0.01
1153,1154,1,1,0.01
1154,1132,1,1,0.01
1154,1176,1,1,0.01
1154,1153,1,1,0.01
1154,1155,1,1,0.01
1155,1133,1,1,0.01
1155,1177,1,1,0.01
1155,1154,1,1,0.01
1155,1156,1,1,0.01
1156,1134,1,1,0.01
1156,1178,1,1,0.01
1156,1155,1,1,0.01
1156,1157,1,1,0.01
1157,1135,1,1,0.01
1157,1179,1,1,0.01
1157,1156,1,1,0.01
1157,1158,1,1,0.01
1158,1136,1,1,0.01
1158,1180,1,1,0.01
1158,1157,1,1,0.01
1158,1159,1,1,0.01
1159,1137,1,1,0.01
1159,1181,1,1,0.01
1159,1158,1,1,0.01
1159,1160,1,1,0.01
1160,1138,1,1,0.01
1160,1182,1,1,0.01
1160,1159,1,1,0.01
1160,1161,1,1,0.01
1161,1139,1,1,0.01
1161,1183,1,1,0.01
1161,1160,1,1,0.01
1161,1162,1,1,0.01
1162,1140,1,1,0.01
1162,1184,1,1,0.01
1162,1161,1,1,0.01
1162,1163,1,1,0.01
1163,1141,1,1,0.01
1163,1185,1,1,0.01
1163,1162,1,1,0.01
1163,1164,1,1,0.01
1164,1142,1,1,0.01
1164,1186,1,1,0.01
1164,1163,1,1,0.01
1164,1165,1,1,0.01
1165,1143,1,1,0.01
1165,1187,1,1,0.01
1165,1164,1,1,0.01
1165,1144,1,1,0.01
1166,1144,1,1,0.01
1166,1188,1,1,0.01
1166,1187,1,1,0.01
1166,1167,1,1,0.01
1167,1145,1,1,0.01
1167,1189,1,1,0.01
1167,1166,1,1,0.01
1167,1168,1,1,0.01
1168,1146,1,1,0.01
1168,1190,1,1,0.01
1168,1167,1,1,0.01
1168,1169,1,1,0.01
1169,1147,1,1,0.01
1169,1191,1,1,0.01
1169,1168,1,1,0.01
1169,1170,1,1,0.01
1170,1148,1,1,0.01
1170,1192,1,1,0.01
1170,1169,1,1,0.01
1170,1171,1,1,0.01
1171,1149,1,1,0.01
1171,1193,1,1,0.01
1171,1170,1,1,0.01
1171,1172,1,1,0.01
1172,1150,1,1,0.01
1172,1194,1,1,0.01
1172,1171,1,1,0.01
1172,1173,1,1,0.01
1173,1151,1,1,0.01
1173,1195,1,1,0.01
1173,1172,1,1,0.01
1173,1174,1,1,0.01
1174,1152,1,1,0.01
1174,1196,1,1,0.01
1174,1173,1,1,0.01
1174,1175,1,1,0.01
1175,1153,1,1,0.01
1175,1197,1,1,0.01
1175,1174,1,1,0.01
1175,1176,1,1,0.01
1176,1154,1,1,0.01
1176,1198,1,1,0.01
1176,1175,1,1,0.01
1176,1177,1,1,0.01
1177,1155,1,1,0.01
1177,1199,1,1,0.01
1177,1176,1,1,0.01
1177,1178,1,1,0.01
1178,1156,1,1,0.01
1178,1200,1,1,0.01
1178,1177,1,1,0.01
1178,1179,1,1,0.01
1179,1157,1,1,0.01
1179,1201,1,1,0.01
1179,1178,1,1,0.01
1179,1180,1,1,0.01
1180,1158,1,1,0.01
1180,1202,1,1,0.01
1180,1179,1,1,0.01
1180,1181,1,1,0.01
1181,1159,1,1,0.01
1181,1203,1,1,0.01
1181,1180,1,1,0.01
1181,1182,1,1,0.01
1182,1160,1,1,0.01
1182,1204,1,1,0.01
1182,1181,1,1,0.01
1182,1183,1,1,0.01
1183,1161,1,1,0.01
1183,1205,1,1,0.01
1183,1182,1,1,0.01
1183,1184,1,1,0.01
1184,1162,1,1,0.01
1184,1206,1,1,0.01
1184,1183,1,1,0.01
1184,1185,1,1,0.01
1185,1163,1,1,0.01
1185,1207,1,1,0.01
1185,1184,1,1,0.01
1185,1186,1,1,0.01
1186,1164,1,1,0.01
1186,1208,1,1,0.01
1186,1185,1,1,0.01
1186,1187,1,1,0.01
1187,1165,1,1,0.01
1187,1209,1,1,0.01
1187,1186,1,1,0.01
1187,1166,1,1,0.01
1188,1166,1,1,0.01
1188,1210,1,1,0.01
1188,1209,1,1,0.01
1188,1189,1,1,0.01
1189,1167,1,1,0.01
1189,1211,1,1,0.01
1189,1188,1,1,0.01
1189,1190,1,1,0.01
1190,1168,1,1,0.01
1190,1212,1,1,0.01
1190,1189,1,1,0.01
1190,1191,1,1,0.01
1191,1169,1,1,0.01
1191,1213,1,1,0.01
1191,1190,1,1,0.01
1191,1192,1,1,0.01
1192,1170,1,1,0.01
1192,1214,1,1,0.01
1192,1191,1,1,0.01
1192,1193,1,1,0.01
1193,1171,1,1,0.01
1193,1215,1,1,0.01
1193,1192,1,1,0.01
1193,1194,1,1,0.01
1194,1172,1,1,0.01
1194,1216,1,1,0.01
1194,1193,1,1,0.01
1194,1195,1,1,0.01
1195,1173,1,1,0.01
1195,1217,1,1,0.01
1195,1194,1,1,0.01
1195,1196,1,1,0.01
1196,1174,1,1,0.01
1196,1218,1,1,0.01
1196,1195,1,1,0.01
1196,1197,1,1,0.01
1197,1175,1,1,0.01
1197,1219,1,1,0.01
1197,1196,1,1,0.01
1197,1198,1,1,0.01
1198,1176,1,1,0.01
1198,1220,1,1,0.01
1198,1197,1,1,0.01
1198,1199,1,1,0.01
1199,1177,1,1,0.01
1199,1221,1,1,0.01
1199,1198,1,1,0.01
1199,1200,1,1,0.01
1200,1178,1,1,0.01
1200,1222,1,1,0.01
1200,1199,1,1,0.01
1200,1201,1,1,0.01
1201,1179,1,1,0.01
1201,1223,1,1,0.01
1201,1200,1,1,0.01
1201,1202,1,1,0.01
1202,1180,1,1,0.01
1202,1224,1,1,0.01
1202,1201,1,1,0.01
1202,1203,1,1,0.01
1203,1181,1,1,0.01
1203,1225,1,1,0.01
1203,1202,1,1,0.01
1203,1204,1,1,0.01
1204,1182,1,1,0.01
1204,1226,1,1,0.01
1204,1203,1,1,0.01
1204,1205,1,1,0.01
1205,1183,1,1,0.01
1205,1227,1,1,0.01
1205,1204,1,1,0.01
1205,1206,1,1,0.01
1206,1184,1,1,0.01
1206,1228,1,1,0.01
1206,1205,1,1,0.01
1206,1207,1,1,0.01
1207,1185,1,1,0.01
1207,1229,1,1,0.01
1207,1206,1,1,0.01
1207,1208,1,1,0.01
1208,1186,1,1,0.01
1208,1230,1,1,0.01
1208,1207,1,1,0.01
1208,1209,1,1,0.01
1209,1187,1,1,0.01
1209,1231,1,1,0.01
1209,1208,1,1,0.01
1209,1188,1,1,0.01
1210,1188,1,1,0.01
1210,1232,1,1,0.01
1210,1231,1,1,0.01
1210,1211,1,1,0.01
1211,1189,1,1,0.01
1211,1233,1,1,0.01
1211,1210,1,1,0.01
1211,1212,1,1,0.01
1212,1190,1,1,0.01
1212,1234,1,1,0.01
1212,1211,1,1,0.01
1212,1213,1,1,0.01
1213,1191,1,1,0.01
1213,1235,1,1,0.01
1213,1212,1,1,0.01
1213,1214,1,1,0.01
1214,1192,1,1,0.01
1214,1236,1,1,0.01
1214,1213,1,1,0.01
1214,1215,1,1,0.01
1215,1193,1,1,0.01
1215,1237,1,1,0.01
1215,1214,1,1,0.01
1215,1216,1,1,0.01
1216,1194,1,1,0.01
1216,1238,1,1,0.01
1216,1215,1,1,0.01
1216,1217,1,1,0.01
1217,1195,1,1,0.01
1217,1239,1,1,0.01
1217,1216,1,1,0.01
1217,1218,1,1,0.01
1218,1196,1,1,0.01
1218,1240,1,1,0.01
1218,1217,1,1,0.01
1218,1219,1,1,0.01
1219,1197,1,1,0.01
1219,1241,1,1,0.01
1219,1218,1,1,0.01
1219,1220,1,1,0.01
1220,1198,1,1,0.01
1220,1242,1,1,0.01
1220,1219,1,1,0.01
1220,1221,1,1,0.01
1221,1199,1,1,0.01
1221,1243,1,1,0.01
1221,1220,1,1,0.01
1221,1222,1,1,0.01
1222,1200,1,1,0.01
1222,1244,1,1,0.01
1222,1221,1,1,0.01
1222,1223,1,1,0.01
1223,1201,1,1,0.01
1223,1245,1,1,0.01
1223,1222,1,1,0.01
1223,1224,1,1,0.01
1224,1202,1,1,0.01
1224,1246,1,1,0.01
1224,1223,1,1,0.01
1224,1225,1,1,0.01
1225,1203,1,1,0.01
1225,1247,1,1,0.01
1225,1224,1,1,0.01
1225,1226,1,1,0.01
1226,1204,1,1,0.01
1226,1248,1,1,0.01
1226,1225,1,1,0.01
1226,1227,1,1,0.01
1227,1205,1,1,0.01
1227,1249,1,1,0.01
1227,1226,1,1,0.01
1227,1228,1,1,0.01
1228,1206,1,1,0.01
1228,1250,1,1,0.01
1228,1227,1,1,0.01
1228,1229,1,1,0.01
1229,1207,1,1,0.01
1229,1251,1,1,0.01
1229,1228,1,1,0.01
1229,1230,1,1,0.01
1230,1208,1,1,0.01
1230,1252,1,1,0.01
1230,1229,1,1,0.01
1230,1231,1,1,0.01
1231,1209,1,1,0.01
1231,1253,1,1,0.01
1231,1230,1,1,0.01
1231,1210,1,1,0.01
1232,1210,1,1,0.01
1232,1254,1,1,0.01
1232,1253,1,1,0.01
1232,1233,1,1,0.01
1233,1211,1,1,0.01
1233,1255,1,1,0.01
1233,1232,1,1,0.01
1233,1234,1,1,0.01
1234,1212,1,1,0.01
1234,1256,1,1,0.01
1234,1233,1,1,0.01
1234,1235,1,1,0.01
1235,1213,1,1,0.01
1235,1257,1,1,0.01
1235,1234,1,1,0.01
1235,1236,1,1,0.01
1236,1214,1,1,0.01
1236,1258,1,1,0.01
1236,1235,1,1,0.01
1236,1237,1,1,0.01
1237,1215,1,1,0.01
1237,1259,1,1,0.01
1237,1236,1,1,0.01
1237,1238,1,1,0.01
1238,1216,1,1,0.01
1238,1260,1,1,0.01
1238,1237,1,1,0.01
1238,1239,1,1,0.01
1239,1217,1,1,0.01
1239,1261,1,1,0.01
1239,1238,1,1,0.01
1239,1240,1,1,0.01
1240,1218,1,1,0.01
1240,1262,1,1,0.01
1240,1239,1,1,0.01
1240,1241,1,1,0.01
1241,1219,1,1,0.01
1241,1263,1,1,0.01
1241,1240,1,1,0.01
1241,1242,1,1,0.01
1242,1220,1,1,0.01
1242,1264,1,1,0.01
1242,1241,1,1,0.01
1242,1243,1,1,0.01
1243,1221,1,1,0.01
1243,1265,1,1,0.01
1243,1242,1,1,0.01
1243,1244,1,1,0.01
1244,1222,1,1,0.01
1244,1266,1,1,0.01
1244,1243,1,1,0.01
1244,1245,1,1,0.01
1245,1223,1,1,0.01
1245,1267,1,1,0.01
1245,1244,1,1,0.01
1245,1246,1,1,0.01
1246,1224,1,1,0.01
1246,1268,1,1,0.01
1246,1245,1,1,0.01
1246,1247,1,1,0.01
1247,1225,1,1,0.01
1247,1269,1,1,0.01
1247,1246,1,1,0.01
1247,1248,1,1,0.01
1248,1226,1,1,0.01
1248,1270,1,1,0.01
1248,1247,1,1,0.01
1248,1249,1,1,0.01
1249,1227,1,1,0.01
1249,1271,1,1,0.01
1249,1248,1,1,0.01
1249,1250,1,1,0.01
1250,1228,1,1,0.01
1250,1272,1,1,0.01
1250,1249,1,1,0.01
1250,1251,1,1,0.01
1251,1229,1,1,0.01
1251,1273,1,1,0.01
1251,1250,1,1,0.01
1251,1252,1,1,0.01
1252,1230,1,1,0.01
1252,1274,1,1,0.01
1252,1251,1,1,0.01
1252,1253,1,1,0.01
1253,1231,1,1,0.01
1253,1275,1,1,0.01
1253,1252,1,1,0.01
1253,1232,1,1,0.01
1254,1232,1,1,0.01
1254,1276,1,1,0.01
1254,1275,1,1,0.01
1254,1255,1,1,0.01
1255,1233,1,1,0.01
1255,1277,1,1,0.01
1255,1254,1,1,0.01
1255,1256,1,1,0.01
1256,1234,1,1,0.01
1256,1278,1,1,0.01
1256,1255,1,1,0.01
1256,1257,1,1,0.01
1257,1235,1,1,0.01
1257,1279,1,1,0.01
1257,1256,1,1,0.01
1257,1258,1,1,0.01
1258,1236,1,1,0.01
1258,1280,1,1,0.01
1258,1257,1,1,0.01
1258,1259,1,1,0.01
1259,1237,1,1,0.01
1259,1281,1,1,0.01
1259,1258,1,1,0.01
1259,1260,1,1,0.01
1260,1238,1,1,0.01
1260,1282,1,1,0.01
1260,1259,1,1,0.01
1260,1261,1,1,0.01
1261,1239,1,1,0.01
1261,1283,1,1,0.01
1261,1260,1,1,0.01
1261,1262,1,1,0.01
1262,1240,1,1,0.01
1262,1284,1,1,0.01
1262,1261,1,1,0.01
1262,1263,1,1,0.01
1263,1241,1,1,0.01
1263,1285,1,1,0.01
1263,1262,1,1,0.01
1263,1264,1,1,0.01
1264,1242,1,1,0.01
1264,1286,1,1,0.01
1264,1263,1,1,0.01
1264,1265,1,1,0.01
1265,1243,1,1,0.01
1265,1287,1,1,0.01
1265,1264,1,1,0.01
1265,1266,1,1,0.01
1266,1244,1,1,0.01
1266,1288,1,1,0.01
1266,1265,1,1,0.01
1266,1267,1,1,0.01
1267,1245,1,1,0.01
1267,1289,1,1,0.01
1267,1266,1,1,0.01
1267,1268,1,1,0.01
1268,1246,1,1,0.01
1268,1290,1,1,0.01
1268,1267,1,1,0.01
1268,1269,1,1,0.01
1269,1247,1,1,0.01
1269,1291,1,1,0.01
1269,1268,1,1,0.01
1269,1270,1,1,0.01
1270,1248,1,1,0.01
1270,1292,1,1,0.01
1270,1269,1,1,0.01
1270,1271,1,1,0.01
1271,1249,1,1,0.01
1271,1293,1,1,0.01
1271,1270,1,1,0.01
1271,1272,1,1,0.01
1272,1250,1,1,0.01
1272,1294,1,1,0.01
1272,1271,1,1,0.01
1272,1273,1,1,0.01
1273,1251,1,1,0.01
1273,1295,1,1,0.01
1273,1272,1,1,0.01
1273,1274,1,1,0.01
1274,1252,1,1,0.01
1274,1296,1,1,0.01
1274,1273,1,1,0.01
1274,1275,1,1,0.01
1275,1253,1,1,0.01
1275,1297,1,1,0.01
1275,1274,1,1,0.01
1275,1254,1,1,0.01
1276,1254,1,1,0.01
1276,1298,1,1,0.01
1276,1297,1,1,0.01
1276,1277,1,1,0.01
1277,1255,1,1,0.01
1277,1299,1,1,0.01
1277,1276,1,1,0.01
1277,1278,1,1,0.01
1278,1256,1,1,0.01
1278,1300,1,1,0.01
1278,1277,1,1,0.01
1278,1279,1,1,0.01
1279,1257,1,1,0.01
1279,1301,1,1,0.01
1279,1278,1,1,0.01
1279,1280,1,1,0.01
1280,1258,1,1,0.01
1280,1302,1,1,0.01
1280,1279,1,1,0.01
1280,1281,1,1,0.01
1281,1259,1,1,0.01
1281,1303,1,1,0.01
1281,1280,1,1,0.01
1281,1282,1,1,0.01
1282,1260,1,1,0.01
1282,1304,1,1,0.01
1282,1281,1,1,0.01
1282,1283,1,1,0.01
1283,1261,1,1,0.01
1283,1305,1,1,0.01
1283,1282,1,1,0.01
1283,1284,1,1,0.01
1284,1262,1,1,0.01
1284,1306,1,1,0.01
1284,1283,1,1,0.01
1284,1285,1,1,0.01
1285,1263,1,1,0.01
1285,1307,1,1,0.01
1285,1284,1,1,0.01
1285,1286,1,1,0.01
1286,1264,1,1,0.01
1286,1308,1,1,0.01
1286,1285,1,1,0.01
1286,1287,1,1,0.01
1287,1265,1,1,0.01
1287,1309,1,1,0.01
1287,1286,1,1,0.01
1287,1288,1,1,0.01
1288,1266,1,1,0.01
1288,1310,1,1,0.01
1288,1287,1,1,0.01
1288,1289,1,1,0.01
1289,1267,1,1,0.01
1289,1311,1,1,0.01
1289,1288,1,1,0.01
1289,1290,1,1,0.01
1290,1268,1,1,0.01
1290,1312,1,1,0.01
1290,1289,1,1,0.01
1290,1291,1,1,0.01
1291,1269,1,1,0.01
1291,1313,1,1,0.01
1291,1290,1,1,0.01
1291,1292,1,1,0.01
1292,1270,1,1,0.01
1292,1314,1,1,0.01
1292,1291,1,1,0.01
1292,1293,1,1,0.01
1293,1271,1,1,0.01
1293,1315,1,1,0.01
1293,1292,1,1,0.01
1293,1294,1,1,0.01
1294,1272,1,1,0.01
1294,1316,1,1,0.01
1294,1293,1,1,0.01
1294,1295,1,1,0.01
1295,1273,1,1,0.01
1295,1317,1,1,0.01
1295,1294,1,1,0.01
1295,1296,1,1,0.01
1296,1274,1,1,0.01
1296,1318,1,1,0.01
1296,1295,1,1,0.01
1296,1297,1,1,0.01
1297,1275,1,1,0.01
1297,1319,1,1,0.01
1297,1296,1,1,0.01
1297,1276,1,1,0.01
1298,1276,1,1,0.01
1298,1320,1,1,0.01
1298,1319,1,1,0.01
1298,1299,1,1,0.01
1299,1277,1,1,0.01
1299,1321,1,1,0.01
1299,1298,1,1,0.01
1299,1300,1,1,0.01
1300,1278,1,1,0.01
1300,1322,1,1,0.01
1300,1299,1,1,0.01
1300,1301,1,1,0.01
1301,1279,1,1,0.01
1301,1323,1,1,0.01
1301,1300,1,1,0.01
1301,1302,1,1,0.01
1302,1280,1,1,0.01
1302,1324,1,1,0.01
1302,1301,1,1,0.01
1302,1303,1,1,0.01
1303,1281,1,1,0.01
1303,1325,1,1,0.01
1303,1302,1,1,0.01
1303,1304,1,1,0.01
1304,1282,1,1,0.01
1304,1326,1,1,0.01
1304,1303,1,1,0.01
1304,1305,1,1,0.01
1305,1283,1,1,0.01
1305,1327,1,1,0.01
1305,1304,1,1,0.01
1305,1306,1,1,0.01
1306,1284,1,1,0.01
1306,1328,1,1,0.01
1306,1305,1,1,0.01
1306,1307,1,1,0.01
1307,1285,1,1,0.01
1307,1329,1,1,0.01
1307,1306,1,1,0.01
1307,1308,1,1,0.01
1308,1286,1,1,0.01
1308,1330,1,1,0.01
1308,1307,1,1,0.01
1308,1309,1,1,0.01
1309,1287,1,1,0.01
1309,1331,1,1,0.01
1309,1308,1,1,0.01
1309,1310,1,1,0.01
1310,1288,1,1,0.01
1310,1332,1,1,0.01
1310,1309,1,1,0.01
1310,1311,1,1,0.01
1311,1289,1,1,0.01
1311,1333,1,1,0.01
1311,1310,1,1,0.01
1311,1312,1,1,0.01
1312,1290,1,1,0.01
1312,1334,1,1,0.01
1312,1311,1,1,0.01
1312,1313,1,1,0.01
1313,1291,1,1,0.01
1313,1335,1,1,0.01
1313,1312,1,1,0.01
1313,1314,1,1,0.01
1314,1292,1,1,0.01
1314,1336,1,1,0.01
1314,1313,1,1,0.01
1314,1315,1,1,0.01
1315,1293,1,1,0.01
1315,1337,1,1,0.01
1315,1314,1,1,0.01
1315,1316,1,1,0.01
1316,1294,1,1,0.01
1316,1338,1,1,0.01
1316,1315,1,1,0.01
1316,1317,1,1,0.01
1317,1295,1,1,0.01
1317,1339,1,1,0.01
1317,1316,1,1,0.01
1317,1318,1,1,0.01
1318,1296,1,1,0.01
1318,1340,1,1,0.01
1318,1317,1,1,0.01
1318,1319,1,1,0.01
1319,1297,1,1,0.01
1319,1341,1,1,0.01
1319,1318,1,1,0.01
1319,1298,1,1,0.01
1320,1298,1,1,0.01
1320,1342,1,1,0.01
1320,1341,1,1,0.01
1320,1321,1,1,0.01
1321,1299,1,1,0.01
1321,1343,1,1,0.01
1321,1320,1,1,0.01
1321,1322,1,1,0.01
1322,1300,1,1,0.01
1322,1344,1,1,0.01
1322,1321,1,1,0.01
1322,1323,1,1,0.01
1323,1301,1,1,0.01
1323,1345,1,1,0.01
1323,1322,1,1,0.01
1323,1324,1,1,0.01
1324,1302,1,1,0.01
1324,1346,1,1,0.01
1324,1323,1,1,0.01
1324,1325,1,1,0.01
1325,1303,1,1,0.01
1325,1347,1,1,0.01
1325,1324,1,1,0.01
1325,1326,1,1,0.01
1326,1304,1,1,0.01
1326,1348,1,1,0.01
1326,1325,1,1,0.01
1326,1327,1,1,0.01
1327,1305,1,1,0.01
1327,1349,1,1,0.01
1327,1326,1,1,0.01
1327,1328,1,1,0.01
1328,1306,1,1,0.01
1328,1350,1,1,0.01
1328,1327,1,1,0.01
1328,1329,1,1,0.01
1329,1307,1,1,0.01
1329,1351,1,1,0.01
1329,1328,1,1,0.01
1329,1330,1,1,0.01
1330,1308,1,1,0.01
1330,1352,1,1,0.01
1330,1329,1,1,0.01
1330,1331,1,1,0.01
1331,1309,1,1,0.01
1331,1353,1,1,0.01
1331,1330,1,1,0.01
1331,1332,1,1,0.01
1332,1310,1,1,0.01
1332,1354,1,1,0.01
1332,1331,1,1,0.01
1332,1333,1,1,0.01
1333,1311,1,1,0.01
1333,1355,1,1,0.01
1333,1332,1,1,0.01
1333,1334,1,1,0.01
1334,1312,1,1,0.01
1334,1356,1,1,0.01
1334,1333,1,1,0.01
1334,1335,1,1,0.01
1335,1313,1,1,0.01
1335,1357,1,1,0.01
1335,1334,1,1,0.01
1335,1336,1,1,0.01
1336,1314,1,1,0.01
1336,1358,1,1,0.01
1336,1335,1,1,0.01
1336,1337,1,1,0.01
1337,1315,1,1,0.01
1337,1359,1,1,0.01
1337,1336,1,1,0.01
1337,1338,1,1,0.01
1338,1316,1,1,0.01
1338,1360,1,1,0.01
1338,1337,1,1,0.01
1338,1339,1,1,0.01
1339,1317,1,1,0.01
1339,1361,1,1,0.01
1339,1338,1,1,0.01
1339,1340,1,1,0.01
1340,1318,1,1,0.01
1340,1362,1,1,0.01
1340,1339,1,1,0.01
1340,1341,1,1,0.01
1341,1319,1,1,0.01
1341,1363,1,1,0.01
1341,1340,1,1,0.01
1341,1320,1,1,0.01
1342,1320,1,1,0.01
1342,1364,1,1,0.01
1342,1363,1,1,0.01
1342,1343,1,1,0.01
1343,1321,1,1,0.01
1343,1365,1,1,0.01
1343,1342,1,1,0.01
1343,1344,1,1,0.01
1344,1322,1,1,0.01
1344,1366,1,1,0.01
1344,1343,1,1,0.01
1344,1345,1,1,0.01
1345,1323,1,1,0.01
1345,1367,1,1,0.01
1345,1344,1,1,0.01
1345,1346,1,1,0.01
1346,1324,1,1,0.01
1346,1368,1,1,0.01
1346,1345,1,1,0.01
1346,1347,1,1,0.01
1347,1325,1,1,0.01
1347,1369,1,1,0.01
1347,1346,1,1,0.01
1347,1348,1,1,0.01
1348,1326,1,1,0.01
1348,1370,1,1,0.01
1348,1347,1,1,0.01
1348,1349,1,1,0.01
1349,1327,1,1,0.01
1349,1371,1,1,0.01
1349,1348,1,1,0.01
1349,1350,1,1,0.01
1350,1328,1,1,0.01
1350,1372,1,1,0.01
1350,1349,1,1,0.01
1350,1351,1,1,0.01
1351,1329,1,1,0.01
1351,1373,1,1,0.01
1351,1350,1,1,0.01
1351,1352,1,1,0.01
1352,1330,1,1,0.01
1352,1374,1,1,0.01
1352,1351,1,1,0.01
1352,1353,1,1,0.01
1353,1331,1,1,0.01
1353,1375,1,1,0.01
1353,1352,1,1,0.01
1353,1354,1,1,0.01
1354,1332,1,1,0.01
1354,1376,1,1,0.01
1354,1353,1,1,0.01
1354,1355,1,1,0.01
1355,1333,1,1,0.01
1355,1377,1,1,0.01
1355,1354,1,1,0.01
1355,1356,1,1,0.01
1356,1334,1,1,0.01
1356,1378,1,1,0.01
1356,1355,1,1,0.01
1356,1357,1,1,0.01
1357,1335,1,1,0.01
1357,1379,1,1,0.01
1357,1356,1,1,0.01
1357,1358,1,1,0.01
1358,1336,1,1,0.01
1358,1380,1,1,0.01
1358,1357,1,1,0.01
1358,1359,1,1,0.01
1359,1337,1,1,0.01
1359,1381,1,1,0.01
1359,1358,1,1,0.01
1359,1360,1,1,0.01
1360,1338,1,1,0.01
1360,1382,1,1,0.01
1360,1359,1,1,0.01
1360,1361,1,1,0.01
1361,1339,1,1,0.01
1361,1383,1,1,0.01
1361,1360,1,1,0.01
1361,1362,1,1,0.01
1362,1340,1,1,0.01
1362,1384,1,1,0.01
1362,1361,1,1,0.01
1362,1363,1,1,0.01
1363,1341,1,1,0.01
1363,1385,1,1,0.01
1363,1362,1,1,0.01
1363,1342,1,1,0.01
1364,1342,1,1,0.01
1364,1386,1,1,0.01
1364,1385,1,1,0.01
1364,1365,1,1,0.01
1365,1343,1,1,0.01
1365,1387,1,1,0.01
1365,1364,1,1,0.01
1365,1366,1,1,0.01
1366,1344,1,1,0.01
1366,1388,1,1,0.01
1366,1365,1,1,0.01
1366,1367,1,1,0.01
1367,1345,1,1,0.01
1367,1389,1,1,0.01
1367,1366,1,1,0.01
1367,1368,1,1,0.01
1368,1346,1,1,0.01
1368,1390,1,1,0.01
1368,1367,1,1,0.01
1368,1369,1,1,0.01
1369,1347,1,1,0.01
1369,1391,1,1,0.01
1369,1368,1,1,0.01
1369,1370,1,1,0.01
1370,1348,1,1,0.01
1370,1392,1,1,0.01
1370,1369,1,1,0.01
1370,1371,1,1,0.01
1371,1349,1,1,0.01
1371,1393,1,1,0.01
1371,1370,1,1,0.01
1371,1372,1,1,0.01
1372,1350,1,1,0.01
1372,1394,1,1,0.01
1372,1371,1,1,0.01
1372,1373,1,1,0.01
1373,1351,1,1,0.01
1373,1395,1,1,0.01
1373,1372,1,1,0.01
1373,1374,1,1,0.01
1374,1352,1,1,0.01
1374,1396,1,1,0.01
1374,1373,1,1,0.01
1374,1375,1,1,0.01
1375,1353,1,1,0.01
1375,1397,1,1,0.01
1375,1374,1,1,0.01
1375,1376,1,1,0.01
1376,1354,1,1,0.01
1376,1398,1,1,0.01
1376,1375,1,1,0.01
1376,1377,1,1,0.01
1377,1355,1,1,0.01
1377,1399,1,1,0.01
1377,1376,1,1,0.01
1377,1378,1,1,0.01
1378,1356,1,1,0.01
1378,1400,1,1,0.01
1378,1377,1,1,0.01
1378,1379,1,1,0.01
1379,1357,1,1,0.01
1379,1401,1,1,0.01
1379,1378,1,1,0.01
1379,1380,1,1,0.01
1380,1358,1,1,0.01
1380,1402,1,1,0.01
1380,1379,1,1,0.01
1380,1381,1,1,0.01
1381,1359,1,1,0.01
1381,1403,1,1,0.01
1381,1380,1,1,0.01
1381,1382,1,1,0.01
1382,1360,1,1,0.01
1382,1404,1,1,0.01
1382,1381,1,1,0.01
1382,1383,1,1,0.01
1383,1361,1,1,0.01
1383,1405,1,1,0.01
1383,1382,1,1,0.01
1383,1384,1,1,0.01
1384,1362,1,1,0.01
1384,1406,1,1,0.01
1384,1383,1,1,0.01
1384,1385,1,1,0.01
1385,1363,1,1,0.01
1385,1407,1,1,0.01
1385,1384,1,1,0.01
1385,1364,1,1,0.01
1386,1364,1,1,0.01
1386,1408,1,1,0.01
1386,1407,1,1,0.01
1386,1387,1,1,0.01
1387,1365,1,1,0.01
1387,1409,1,1,0.01
1387,1386,1,1,0.01
1387,1388,1,1,0.01
1388,1366,1,1,0.01
1388,1410,1,1,0.01
1388,1387,1,1,0.01
1388,1389,1,1,0.01
1389,1367,1,1,0.01
1389,1411,1,1,0.01
1389,1388,1,1,0.01
1389,1390,1,1,0.01
1390,1368,1,1,0.01
1390,1412,1,1,0.01
1390,1389,1,1,0.01
1390,1391,1,1,0.01
1391,1369,1,1,0.01
1391,1413,1,1,0.01
1391,1390,1,1,0.01
1391,1392,1,1,0.01
1392,1370,1,1,0.01
1392,1414,1,1,0.01
1392,1391,1,1,0.01
1392,1393,1,1,0.01
1393,1371,1,1,0.01
1393,1415,1,1,0.01
1393,1392,1,1,0.01
1393,1394,1,1,0.01
1394,1372,1,1,0.01
1394,1416,1,1,0.01
1394,1393,1,1,0.01
1394,1395,1,1,0.01
1395,1373,1,1,0.01
1395,1417,1,1,0.01
1395,1394,1,1,0.01
1395,1396,1,1,0.01
1396,1374,1,1,0.01
1396,1418,1,1,0.01
1396,1395,1,1,0.01
1396,1397,1,1,0.01
1397,1375,1,1,0.01
1397,1419,1,1,0.01
1397,1396,1,1,0.01
1397,1398,1,1,0.01
1398,1376,1,1,0.01
1398,1420,1,1,0.01
1398,1397,1,1,0.01
1398,1399,1,1,0.01
1399,1377,1,1,0.01
1399,1421,1,1,0.01
1399,1398,1,1,0.01
1399,1400,1,1,0.01
1400,1378,1,1,0.01
1400,1422,1,1,0.01
1400,1399,1,1,0.01
1400,1401,1,1,0.01
1401,1379,1,1,0.01
1401,1423,1,1,0.01
1401,1400,1,1,0.01
1401,1402,1,1,0.01
1402,1380,1,1,0.01
1402,1424,1,1,0.01
1402,1401,1,1,0.01
1402,1403,1,1,0.01
1403,1381,1,1,0.01
1403,1425,1,1,0.01
1403,1402,1,1,0.01
1403,1404,1,1,0.01
1404,1382,1,1,0.01
1404,1426,1,1,0.01
1404,1403,1,1,0.01
1404,1405,1,1,0.01
1405,1383,1,1,0.01
1405,1427,1,1,0.01
1405,1404,1,1,0.01
1405,1406,1,1,0.01
1406,1384,1,1,0.01
1406,1428,1,1,0.01
1406,1405,1,1,0.01
1406,1407,1,1,0.01
1407,1385,1,1,0.01
1407,1429,1,1,0.01
1407,1406,1,1,0.01
1407,1386,1,1,0.01
1408,1386,1,1,0.01
1408,1430,1,1,0.01
1408,1429,1,1,0.01
1408,1409,1,1,0.01
1409,1387,1,1,0.01
1409,1431,1,1,0.01
1409,1408,1,1,0.01
1409,1410,1,1,0.01
1410,1388,1,1,0.01
1410,1432,1,1,0.01
1410,1409,1,1,0.01
1410,1411,1,1,0.01
1411,1389,1,1,0.01
1411,1433,1,1,0.01
1411,1410,1,1,0.01
1411,1412,1,1,0.01
1412,1390,1,1,0.01
1412,1434,1,1,0.01
1412,1411,1,1,0.01
1412,1413,1,1,0.01
1413,1391,1,1,0.01
1413,1435,1,1,0.01
1413,1412,1,1,0.01
1413,1414,1,1,0.01
1414,1392,1,1,0.01
1414,1436,1,1,0.01
1414,1413,1,1,0.01
1414,1415,1,1,0.01
1415,1393,1,1,0.01
1415,1437,1,1,0.01
1415,1414,1,1,0.01
1415,1416,1,1,0.01
1416,1394,1,1,0.01
1416,1438,1,1,0.01
1416,1415,1,1,0.01
1416,1417,1,1,0.01
1417,1395,1,1,0.01
1417,1439,1,1,0.01
1417,1416,1,1,0.01
1417,1418,1,1,0.01
1418,1396,1,1,0.01
1418,1440,1,1,0.01
1418,1417,1,1,0.01
1418,1419,1,1,0.01
1419,1397,1,1,0.01
1419,1441,1,1,0.01
1419,1418,1,1,0.01
1419,1420,1,1,0.01
1420,1398,1,1,0.01
1420,1442,1,1,0.01
1420,1419,1,1,0.01
1420,1421,1,1,0.01
1421,1399,1,1,0.01
1421,1443,1,1,0.01
1421,1420,1,1,0.01
1421,1422,1,1,0.01
1422,1400,1,1,0.01
1422,1444,1,1,0.01
1422,1421,1,1,0.01
1422,1423,1,1,0.01
1423,1401,1,1,0.01
1423,1445,1,1,0.01
1423,1422,1,1,0.01
1423,1424,1,1,0.01
1424,1402,1,1,0.01
1424,1446,1,1,0.01
1424,1423,1,1,0.01
1424,1425,1,1,0.01
1425,1403,1,1,0.01
1425,1447,1,1,0.01
1425,1424,1,1,0.01
1425,1426,1,1,0.01
1426,1404,1,1,0.01
1426,1448,1,1,0.01
1426,1425,1,1,0.01
1426,1427,1,1,0.01
1427,1405,1,1,0.01
1427,1449,1,1,0.01
1427,1426,1,1,0.01
1427,1428,1,1,0.01
1428,1406,1,1,0.01
1428,1450,1,1,0.01
1428,1427,1,1,0.01
1428,1429,1,1,0.01
1429,1407,1,1,0.01
1429,1451,1,1,0.01
1429,1428,1,1,0.01
1429,1408,1,1,0.01
1430,1408,1,1,0.01
1430,1452,1,1,0.01
1430,1451,1,1,0.01
1430,1431,1,1,0.01
1431,1409,1,1,0.01
1431,1453,1,1,0.01
1431,1430,1,1,0.01
1431,1432,1,1,0.01
1432,1410,1,1,0.01
1432,1454,1,1,0.01
1432,1431,1,1,0.01
1432,1433,1,1,0.01
1433,1411,1,1,0.01
1433,1455,1,1,0.01
1433,1432,1,1,0.01
1433,1434,1,1,0.01
1434,1412,1,1,0.01
1434,1456,1,1,0.01
1434,1433,1,1,0.01
1434,1435,1,1,0.01
1435,1413,1,1,0.01
1435,1457,1,1,0.01
1435,1434,1,1,0.01
1435,1436,1,1,0.01
1436,1414,1,1,0.01
1436,1458,1,1,0.01
1436,1435,1,1,0.01
1436,1437,1,1,0.01
1437,1415,1,1,0.01
1437,1459,1,1,0.01
1437,1436,1,1,0.01
1437,1438,1,1,0.01
1438,1416,1,1,0.01
1438,1460,1,1,0.01
1438,1437,1,1,0.01
1438,1439,1,1,0.01
1439,1417,1,1,0.01
1439,1461,1,1,0.01
1439,1438,1,1,0.01
1439,1440,1,1,0.01
1440,1418,1,1,0.01
1440,1462,1,1,0.01
1440,1439,1,1,0.01
1440,1441,1,1,0.01
1441,1419,1,1,0.01
1441,1463,1,1,0.01
1441,1440,1,1,0.01
1441,1442,1,1,0.01
1442,1420,1,1,0.01
1442,1464,1,1,0.01
1442,1441,1,1,0.01
1442,1443,1,1,0.01
1443,1421,1,1,0.01
1443,1465,1,1,0.01
1443,1442,1,1,0.01
1443,1444,1,1,0.01
1444,1422,1,1,0.01
1444,1466,1,1,0.01
1444,1443,1,1,0.01
1444,1445,1,1,0.01
1445,1423,1,1,0.01
1445,1467,1,1,0.01
1445,1444,1,1,0.01
1445,1446,1,1,0.01
1446,1424,1,1,0.01
1446,1468,1,1,0.01
1446,1445,1,1,0.01
1446,1447,1,1,0.01
1447,1425,1,1,0.01
1447,1469,1,1,0.01
1447,1446,1,1,0.01
1447,1448,1,1,0.01
1448,1426,1,1,0.01
1448,1470,1,1,0.01
1448,1447,1,1,0.01
1448,1449,1,1,0.01
1449,1427,1,1,0.01
1449,1471,1,1,0.01
1449,1448,1,1,0.01
1449,1450,1,1,0.01
1450,1428,1,1,0.01
1450,1472,1,1,0.01
1450,1449,1,1,0.01
1450,1451,1,1,0.01
1451,1429,1,1,0.01
1451,1473,1,1,0.01
1451,1450,1,1,0.01
1451,1430,1,1,0.01
1452,1430,1,1,0.01
1452,1474,1,1,0.01
1452,1473,1,1,0.01
1452,1453,1,1,0.01
1453,1431,1,1,0.01
1453,1475,1,1,0.01
1453,1452,1,1,0.01
1453,1454,1,1,0.01
1454,1432,1,1,0.01
1454,1476,1,1,0.01
1454,1453,1,1,0.01
1454,1455,1,1,0.01
1455,1433,1,1,0.01
1455,1477,1,1,0.01
1455,1454,1,1,0.01
1455,1456,1,1,0.01
1456,1434,1,1,0.01
1456,1478,1,1,0.01
1456,1455,1,1,0.01
1456,1457,1,1,0.01
1457,1435,1,1,0.01
1457,1479,1,1,0.01
1457,1456,1,1,0.01
1457,1458,1,1,0.01
1458,1436,1,1,0.01
1458,1480,1,1,0.01
1458,1457,1,1,0.01
1458,1459,1,1,0.01
1459,1437,1,1,0.01
1459,1481,1,1,0.01
1459,1458,1,1,0.01
1459,1460,1,1,0.01
1460,1438,1,1,0.01
1460,1482,1,1,0.01
1460,1459,1,1,0.01
1460,1461,1,1,0.01
1461,1439,1,1,0.01
1461,1483,1,1,0.01
1461,1460,1,1,0.01
1461,1462,1,1,0.01
1462,1440,1,1,0.01
1462,1484,1,1,0.01
1462,1461,1,1,0.01
1462,1463,1,1,0.01
1463,1441,1,1,0.01
1463,1485,1,1,0.01
1463,1462,1,1,0.01
1463,1464,1,1,0.01
1464,1442,1,1,0.01
1464,1486,1,1,0.01
1464,1463,1,1,0.01
1464,1465,1,1,0.01
1465,1443,1,1,0.01
1465,1487,1,1,0.01
1465,1464,1,1,0.01
1465,1466,1,1,0.01
1466,1444,1,1,0.01
1466,1488,1,1,0.01
1466,1465,1,1,0.01
1466,1467,1,1,0.01
1467,1445,1,1,0.01
1467,1489,1,1,0.01
1467,1466,1,1,0.01
1467,1468,1,1,0.01
1468,1446,1,1,0.01
1468,1490,1,1,0.01
1468,1467,1,1,0.01
1468,1469,1,1,0.01
1469,1447,1,1,0.01
1469,1491,1,1,0.01
1469,1468,1,1,0.01
1469,1470,1,1,0.01
1470,1448,1,1,0.01
1470,1492,1,1,0.01
1470,1469,1,1,0.01
1470,1471,1,1,0.01
1471,1449,1,1,0.01
1471,1493,1,1,0.01
1471,1470,1,1,0.01
1471,1472,1,1,0.01
1472,1450,1,1,0.01
1472,1494,1,1,0.01
1472,1471,1,1,0.01
1472,1473,1,1,0.01
1473,1451,1,1,0.01
1473,1495,1,1,0.01
1473,1472,1,1,0.01
1473,1452,1,1,0.01
1474,1452,1,1,0.01
1474,1496,1,1,0.01
1474,1495,1,1,0.01
1474,1475,1,1,0.01
1475,1453,1,1,0.01
1475,1497,1,1,0.01
1475,1474,1,1,0.01
1475,1476,1,1,0.01
1476,1454,1,1,0.01
1476,1498,1,1,0.01
1476,1475,1,1,0.01
1476,1477,1,1,0.01
1477,1455,1,1,0.01
1477,1499,1,1,0.01
1477,1476,1,1,0.01
1477,1478,1,1,0.01
1478,1456,1,1,0.01
1478,1500,1,1,0.01
1478,1477,1,1,0.01
1478,1479,1,1,0.01
1479,1457,1,1,0.01
1479,1501,1,1,0.01
1479,1478,1,1,0.01
1479,1480,1,1,0.01
1480,1458,1,1,0.01
1480,1502,1,1,0.01
1480,1479,1,1,0.01
1480,1481,1,1,0.01
1481,1459,1,1,0.01
1481,1503,1,1,0.01
1481,1480,1,1,0.01
1481,1482,1,1,0.01
1482,1460,1,1,0.01
1482,1504,1,1,0.01
1482,1481,1,1,0.01
1482,1483,1,1,0.01
1483,1461,1,1,0.01
1483,1505,1,1,0.01
1483,1482,1,1,0.01
1483,1484,1,1,0.01
1484,1462,1,1,0.01
1484,1506,1,1,0.01
1484,1483,1,1,0.01
1484,1485,1,1,0.01
1485,1463,1,1,0.01
1485,1507,1,1,0.01
1485,1484,1,1,0.01
1485,1486,1,1,0.01
1486,1464,1,1,0.01
1486,1508,1,1,0.01
1486,1485,1,1,0.01
1486,1487,1,1,0.01
1487,1465,1,1,0.01
1487,1509,1,1,0.01
1487,1486,1,1,0.01
1487,1488,1,1,0.01
1488,1466,1,1,0.01
1488,1510,1,1,0.01
1488,1487,1,1,0.01
1488,1489,1,1,0.01
1489,1467,1,1,0.01
1489,1511,1,1,0.01
1489,1488,1,1,0.01
1489,1490,1,1,0.01
1490,1468,1,1,0.01
1490,1512,1,1,0.01
1490,1489,1,1,0.01
1490,1491,1,1,0.01
1491,1469,1,1,0.01
1491,1513,1,1,0.01
1491,1490,1,1,0.01
1491,1492,1,1,0.01
1492,1470,1,1,0.01
1492,1514,1,1,0.01
1492,1491,1,1,0.01
1492,1493,1,1,0.01
1493,1471,1,1,0.01
1493,1515,1,1,0.01
1493,1492,1,1,0.01
1493,1494,1,1,0.01
1494,1472,1,1,0.01
1494,1516,1,1,0.01
1494,1493,1,1,0.01
1494,1495,1,1,0.01
1495,1473,1,1,0.01
1495,1517,1,1,0.01
1495,1494,1,1,0.01
1495,1474,1,1,0.01
1496,1474,1,1,0.01
1496,1518,1,1,0.01
1496,1517,1,1,0.01
1496,1497,1,1,0.01
1497,1475,1,1,0.01
1497,1519,1,1,0.01
1497,1496,1,1,0.01
1497,1498,1,1,0.01
1498,1476,1,1,0.01
1498,1520,1,1,0.01
1498,1497,1,1,0.01
1498,1499,1,1,0.01
1499,1477,1,1,0.01
1499,1521,1,1,0.01
1499,1498,1,1,0.01
1499,1500,1,1,0.01
1500,1478,1,1,0.01
1500,1522,1,1,0.01
1500,1499,1,1,0.01
1500,1501,1,1,0.01
1501,1479,1,1,0.01
1501,1523,1,1,0.01
1501,1500,1,1,0.01
1501,1502,1,1,0.01
1502,1480,1,1,0.01
1502,1524,1,1,0.01
1502,1501,1,1,0.01
1502,1503,1,1,0.01
1503,1481,1,1,0.01
1503,1525,1,1,0.01
1503,1502,1,1,0.01
1503,1504,1,1,0.01
1504,1482,1,1,0.01
1504,1526,1,1,0.01
1504,1503,1,1,0.01
1504,1505,1,1,0.01
1505,1483,1,1,0.01
1505,1527,1,1,0.01
1505,1504,1,1,0.01
1505,1506,1,1,0.01
1506,1484,1,1,0.01
1506,1528,1,1,0.01
1506,1505,1,1,0.01
1506,1507,1,1,0.01
1507,1485,1,1,0.01
1507,1529,1,1,0.01
1507,1506,1,1,0.01
1507,1508,1,1,0.01
1508,1486,1,1,0.01
1508,1530,1,1,0.01
1508,1507,1,1,0.01
1508,1509,1,1,0.01
1509,1487,1,1,0.01
1509,1531,1,1,0.01
1509,1508,1,1,0.01
1509,1510,1,1,0.01
1510,1488,1,1,0.01
1510,1532,1,1,0.01
1510,1509,1,1,0.01
1510,1511,1,1,0.01
1511,1489,1,1,0.01
1511,1533,1,1,0.01
1511,1510,1,1,0.01
1511,1512,1,1,0.01
1512,1490,1,1,0.01
1512,1534,1,1,0.01
1512,1511,1,1,0.01
1512,1513,1,1,0.01
1513,1491,1,1,0.01
1513,1535,1,1,0.01
1513,1512,1,1,0.01
1513,1514,1,1,0.01
1514,1492,1,1,0.01
1514,1536,1,1,0.01
1514,1513,1,1,0.01
1514,1515,1,1,0.01
1515,1493,1,1,0.01
1515,1537,1,1,0.01
1515,1514,1,1,0.01
1515,1516,1,1,0.01
1516,1494,1,1,0.01
1516,1538,1,1,0.01
1516,1515,1,1,0.01
1516,1517,1,1,0.01
1517,1495,1,1,0.01
1517,1539,1,1,0.01
1517,1516,1,1,0.01
1517,1496,1,1,0.01
1518,1496,1,1,0.01
1518,1540,1,1,0.01
1518,1539,1,1,0.01
1518,1519,1,1,0.01
1519,1497,1,1,0.01
1519,1541,1,1,0.01
1519,1518,1,1,0.01
1519,1520,1,1,0.01
1520,1498,1,1,0.01
1520,1542,1,1,0.01
1520,1519,1,1,0.01
1520,1521,1,1,0.01
1521,1499,1,1,0.01
1521,1543,1,1,0.01
1521,1520,1,1,0.01
1521,1522,1,1,0.01
1522,1500,1,1,0.01
1522,1544,1,1,0.01
1522,1521,1,1,0.01
1522,1523,1,1,0.01
1523,1501,1,1,0.01
1523,1545,1,1,0.01
1523,1522,1,1,0.01
1523,1524,1,1,0.01
1524,1502,1,1,0.01
1524,1546,1,1,0.01
1524,1523,1,1,0.01
1524,1525,1,1,0.01
1525,1503,1,1,0.01
1525,1547,1,1,0.01
1525,1524,1,1,0.01
1525,1526,1,1,0.01
1526,1504,1,1,0.01
1526,1548,1,1,0.01
1526,1525,1,1,0.01
1526,1527,1,1,0.01
1527,1505,1,1,0.01
1527,1549,1,1,0.01
1527,1526,1,1,0.01
1527,1528,1,1,0.01
1528,1506,1,1,0.01
1528,1550,1,1,0.01
1528,1527,1,1,0.01
1528,1529,1,1,0.01
1529,1507,1,1,0.01
1529,1551,1,1,0.01
1529,1528,1,1,0.01
1529,1530,1,1,0.01
1530,1508,1,1,0.01
1530,1552,1,1,0.01
1530,1529,1,1,0.01
1530,1531,1,1,0.01
1531,1509,1,1,0.01
1531,1553,1,1,0.01
1531,1530,1,1,0.01
1531,1532,1,1,0.01
1532,1510,1,1,0.01
1532,1554,1,1,0.01
1532,1531,1,1,0.01
1532,1533,1,1,0.01
1533,1511,1,1,0.01
1533,1555,1,1,0.01
1533,1532,1,1,0.01
1533,1534,1,1,0.01
1534,1512,1,1,0.01
1534,1556,1,1,0.01
1534,1533,1,1,0.01
1534,1535,1,1,0.01
1535,1513,1,1,0.01
1535,1557,1,1,0.01
1535,1534,1,1,0.01
1535,1536,1,1,0.01
1536,1514,1,1,0.01
1536,1558,1,1,0.01
1536,1535,1,1,0.01
1536,1537,1,1,0.01
1537,1515,1,1,0.01
1537,1559,1,1,0.01
1537,1536,1,1,0.01
1537,1538,1,1,0.01
1538,1516,1,1,0.01
1538,1560,1,1,0.01
1538,1537,1,1,0.01
1538,1539,1,1,0.01
1539,1517,1,1,0.01
1539,1561,1,1,0.01
1539,1538,1,1,0.01
1539,1518,1,1,0.01
1540,1518,1,1,0.01
1540,1562,1,1,0.01
1540,1561,1,1,0.01
1540,1541,1,1,0.01
1541,1519,1,1,0.01
1541,1563,1,1,0.01
1541,1540,1,1,0.01
1541,1542,1,1,0.01
1542,1520,1,1,0.01
1542,1564,1,1,0.01
1542,1541,1,1,0.01
1542,1543,1,1,0.01
1543,1521,1,1,0.01
1543,1565,1,1,0.01
1543,1542,1,1,0.01
1543,1544,1,1,0.01
1544,1522,1,1,0.01
1544,1566,1,1,0.01
1544,1543,1,1,0.01
1544,1545,1,1,0.01
1545,1523,1,1,0.01
1545,1567,1,1,0.01
1545,1544,1,1,0.01
1545,1546,1,1,0.01
1546,1524,1,1,0.01
1546,1568,1,1,0.01
1546,1545,1,1,0.01
1546,1547,1,1,0.01
1547,1525,1,1,0.01
1547,1569,1,1,0.01
1547,1546,1,1,0.01
1547,1548,1,1,0.01
1548,1526,1,1,0.01
1548,1570,1,1,0.01
1548,1547,1,1,0.01
1548,1549,1,1,0.01
1549,1527,1,1,0.01
1549,1571,1,1,0.01
1549,1548,1,1,0.01
1549,1550,1,1,0.01
1550,1528,1,1,0.01
1550,1572,1,1,0.01
1550,1549,1,1,0.01
1550,1551,1,1,0.01
1551,1529,1,1,0.01
1551,1573,1,1,0.01
1551,1550,1,1,0.01
1551,1552,1,1,0.01
1552,1530,1,1,0.01
1552,1574,1,1,0.01
1552,1551,1,1,0.01
1552,1553,1,1,0.01
1553,1531,1,1,0.01
1553,1575,1,1,0.01
1553,1552,1,1,0.01
1553,1554,1,1,0.01
1554,1532,1,1,0.01
1554,1576,1,1,0.01
1554,1553,1,1,0.01
1554,1555,1,1,0.01
1555,1533,1,1,0.01
1555,1577,1,1,0.01
1555,1554,1,1,0.01
1555,1556,1,1,0.01
1556,1534,1,1,0.01
1556,1578,1,1,0.01
1556,1555,1,1,0.01
1556,1557,1,1,0.01
1557,1535,1,1,0.01
1557,1579,1,1,0.01
1557,1556,1,1,0.01
1557,1558,1,1,0.01
1558,1536,1,1,0.01
1558,1580,1,1,0.01
1558,1557,1,1,0.01
1558,1559,1,1,0.01
1559,1537,1,1,0.01
1559,1581,1,1,0.01
1559,1558,1,1,0.01
1559,1560,1,1,0.01
1560,1538,1,1,0.01
1560,1582,1,1,0.01
1560,1559,1,1,0.01
1560,1561,1,1,0.01
1561,1539,1,1,0.01
1561,1583,1,1,0.01
1561,1560,1,1,0.01
1561,1540,1,1,0.01
1562,1540,1,1,0.01
1562,0,1,1,0.01
1562,1583,1,1,0.01
1562,1563,1,1,0.01
1563,1541,1,1,0.01
1563,1,1,1,0.01
1563,1562,1,1,0.01
1563,1564,1,1,0.01
1564,1542,1,1,0.01
1564,2,1,1,0.01
1564,1563,1,1,0.01
1564,1565,1,1,0.01
1565,1543,1,1,0.01
1565,3,1,1,0.01
1565,1564,1,1,0.01
1565,1566,1,1,0.01
1566,1544,1,1,0.01
1566,4,1,1,0.01
1566,1565,1,1,0.01
1566,1567,1,1,0.01
1567,1545,1,1,0.01
1567,5,1,1,0.01
1567,1566,1,1,0.01
1567,1568,1,1,0.01
1568,1546,1,1,0.01
1568,6,1,1,0.01
1568,1567,1,1,0.01
1568,1569,1,1,0.01
1569,1547,1,1,0.01
1569,7,1,1,0.01
1569,1568,1,1,0.01
1569,1570,1,1,0.01
1570,1548,1,1,0.01
1570,8,1,1,0.01
1570,1569,1,1,0.01
1570,1571,1,1,0.01
1571,1549,1,1,0.01
1571,9,1,1,0.01
1571,1570,1,1,0.01
1571,1572,1,1,0.01
1572,1550,1,1,0.01
1572,10,1,1,0.01
1572,1571,1,1,0.01
1572,1573,1,1,0.01
1573,1551,1,1,0.01
1573,11,1,1,0.01
1573,1572,1,1,0.01
1573,1574,1,1,0.01
1574,1552,1,1,0.01
1574,12,1,1,0.01
1574,1573,1,1,0.01
1574,1575,1,1,0.01
1575,1553,1,1,0.01
1575,13,1,1,0.01
1575,1574,1,1,0.01
1575,1576,1,1,0.01
1576,1554,1,1,0.01
1576,14,1,1,0.01
1576,1575,1,1,0.01
1576,1577,1,1,0.01
1577,1555,1,1,0.01
1577,15,1,1,0.01
1577,1576,1,1,0.01
1577,1578,1,1,0.01
1578,1556,1,1,0.01
1578,16,1,1,0.01
1578,1577,1,1,0.01
1578,1579,1,1,0.01
1579,1557,1,1,0.01
1579,17,1,1,0.01
1579,1578,1,1,0.01
1579,1580,1,1,0.01
1580,1558,1,1,0.01
1580,18,1,1,0.01
1580,1579,1,1,0.01
1580,1581,1,1,0.01
1581,1559,1,1,0.01
1581,19,1,1,0.01
1581,1580,1,1,0.01
1581,1582,1,1,0.01
1582,1560,1,1,0.01
1582,20,1,1,0.01
1582,1581,1,1,0.01
1582,1583,1,1,0.01
1583,1561,1,1,0.01
1583,21,1,1,0.01
1583,1582,1,1,0.01
1583,1562,1,1,0.01
